Workbook

Sheet Hoja1
A1: Country | B1: Year | C1: CO2 Emissions (Mt CO2e) | D1: Age dependency ratio(%) | E1: Trade (% of GDP) | F1: GDP growth (%) | G1: Coeficiente inverso de variacion | H1: HIRSCHMAN-HERFINDAHL INDEX (HHI) | I1: Adjusted net saving (%) | J1: Goverment Debt (%) | K1: Air pollution (%) | L1: Intensidad de CO2 (kg CO2 per) | M1: Renewable energy consumption (%) | N1: Energy intensity (MJ) | O1: Renewable freshwater (cubic meters) | P1: Natural resources rents (%) | Q1: Water productivity ($ GDP por metro cubico) | R1: Acces electricity (%) | S1: Using drinking water (%) | T1: Employment (%) | U1: indice de Gini | V1: Mortaly rate (%) | W1: Life expentacy (years) | X1: Poverty gap (%) | Y1: Primary completion (%) | Z1: Sanitation services (%) | AA1: School enrollment, gender parity index | AB1: LABOR FORCE PARTICIPATION (% POINTS) | AC1: Years scholling | AE1: Indice de crecimiento verde | AF1: Students abilities | AG1: Educational attainment (%) | AH1: Dwellings without basic facilities (%) | AI1: Housing expenditure (%) | AJ1: Adjusted net national ($) | AK1: Household net wealth (%) | AL1: Unemployed long term (%) | AM1: Personal earning ($) | AN1: Quality of support network (%) | AO1: Stakeholder engagement | AP1: Life satisfaction | AQ1: Homicide rate (por cada 100,000) | AR1: Time to leisure ande personal care | AT1: Maximo | AU1: =MAX(D2:D719) -> 48.333183 | AV1: =MAX(E2:E719) -> 394.22069 | AW1: =MAX(F2:F719) -> 7.4532705 | AX1: =MAX(G2:G719) -> 11.678952 | AY1: =MAX(H2:H719) -> 5681.2269 | AZ1: =MAX(I2:I719) -> 29.320131 | BA1: =MAX(J2:J719) -> 249.41135 | BC1: =MAX(K2:K719) -> 100 | BD1: =MAX(L2:L719) -> 1.4048614 | BE1: =MAX(M2:M719) -> 82.9 | BF1: =MAX(N2:N719) -> 15.65 | BG1: =MAX(O2:O719) -> 535578.14 | BH1: =MAX(P2:P719) -> 19.104979 | BI1: =MAX(Q2:Q719) -> 1478.6535 | BK1: =MAX(R2:R719) -> 100 | BL1: =MAX(S2:S719) -> 100 | BM1: =MAX(T2:T719) -> 81.311 | BN1: =MAX(U2:U719) -> 55.3 | BO1: =MAX(V2:V719) -> 18.4 | BP1: =MAX(W2:W719) -> 84.56 | BQ1: =MAX(X2:X719) -> 9.7 | BR1: =MAX(Y2:Y719) -> 100 | ... BV1: =MAX(AC2:AC719) -> 14.256
A2: Australia | B2: 2008 | C2: 404.2851 | D2: 28.606482 | E2: 42.846776 | F2: 0.015311501 | G2: 2.8782704 | H2: 1031.3084 | I2: 6.3246052 | J2: 18.180547 | K2: 33.49242 | L2: 0.35671708 | M2: 6.8 | N2: 5.38 | O2: 23153.814 | P2: 8.5264194 | Q2: 74.545052 | R2: 100 | S2: 99.842555 | T2: 62.719 | U2: 35.4 | V2: 4.4 | W2: 81.395122 | X2: 0.4 | Y2: 99.25 | Z2: 99.994743 | AB2: 14.097 | AC2: 11.938 | AE2: =AVERAGE(BJ4,BX4,BB4) -> 4.4866101 | AG2: 70.089996 | AH2: 1.1 | AI2: 21.783196 | AJ2: 44512.596 | AK2: 332.0227 | AL2: 18.715849 | AM2: 54149 | AN2: 94.188943 | AO2: 2.79 | AQ2: 1.2283582 | AR2: 20.83 | AT2: Minimo | AU2: =MIN(D2:D719) -> 15.518704 | AV2: =MIN(E2:E719) -> 22.105976 | AW2: =MIN(F2:F719) -> -1.4776721 | AX2: =MIN(G2:G719) -> -1.862159 | AY2: =MIN(H2:H719) -> 0 | AZ2: =MIN(I2:I719) -> -11.351246 | BA2: =MIN(J2:J719) -> 4.92 | BC2: =MIN(K2:K719) -> 0 | BD2: =MIN(L2:L719) -> 0.042993266 | BE2: =MIN(M2:M719) -> 1.1 | BF2: =MIN(N2:N719) -> 0.97 | BG2: =MIN(O2:O719) -> 80.030732 | BH2: =MIN(P2:P719) -> 0 | BI2: =MIN(Q2:Q719) -> 5.3462772 | BK2: =MIN(R2:R719) -> 96.1 | BL2: =MIN(S2:S719) -> 90.36157 | BM2: =MIN(T2:T719) -> 37.398 | BN2: =MIN(U2:U719) -> 0.319 | BO2: =MIN(V2:V719) -> 1.5 | BP2: =MIN(W2:W719) -> 67.949268 | BQ2: =MIN(X2:X719) -> 0 | BR2: =MIN(Y2:Y719) -> 84.57 | ... BV2: =MIN(AC2:AC719) -> 6.396
A3: Australia | B3: =B2+1 -> 2009 | C3: 410.2594 | D3: 28.422457 | E3: 45.740863 | F3: 0.015311501 | G3: 1.5095894 | H3: 1130.0822 | I3: 9.5391911 | J3: 23.868655 | K3: =(K2+K5)/2 -> 33.231697 | L3: 0.35526486 | M3: 7.1 | N3: 5.28 | O3: 22681.536 | P3: 4.9677734 | Q3: 82.326848 | R3: 100 | S3: 99.863675 | T3: 61.806 | V3: 4.2 | W3: 81.543902 | X3: 0.4 | Y3: 99.27 | Z3: 99.995241 | AB3: 13.577 | AC3: 11.987 | AE3: =AVERAGE(BJ5,BX5,BB5) -> 4.5242927 | AF3: 527 | AG3: 70.860001 | AH3: 1.1 | AI3: 22.170778 | AJ3: 44512.596 | AK3: 361.7391 | AL3: 20.578651 | AM3: 53644 | AO3: 2.79 | AQ3: 1.2141698 | AR3: 20.83 | BB3: Promedio | BG3: 2 | BJ3: Promedio | BX3: Promedio
A4: Australia | B4: =B3+1 -> 2010 | C4: 415.2731 | D4: 28.291286 | E4: 40.521589 | F4: 0.0064204349 | G4: 1.2693783 | H4: 1324.7787 | I4: 7.4710948 | J4: 28.663398 | K4: =(K3+K5)/2 -> 33.101335 | L4: 0.35179667 | M4: 8.2 | N4: 5.17 | O4: 22331.408 | P4: 8.0666003 | Q4: 89.596585 | R4: 100 | S4: 99.883144 | T4: 61.998 | U4: 34.7 | V4: 4 | W4: 81.695122 | X4: 0.4 | Y4: 99.58 | Z4: 99.995739 | AB4: 13.766 | AC4: 12.034 | AE4: =AVERAGE(BJ6,BX6,BB6) -> 4.4535836 | AG4: 72.800003 | AH4: 1.1 | AI4: 22.49657 | AJ4: 44512.596 | AK4: 346.5415 | AL4: 19.183172 | AM4: 55536 | AN4: 95.353709 | AO4: 2.79 | AQ4: 1.0490859 | AR4: 20.83 | AT4: Economic Growth | AU4: =((-5*(D2-AU$2))/(AU$1-$AU$2))+6 -> 4.0057922 | AV4: =((5*(E2-AV$2))/(AV$1-AV$2))+1 -> 1.2786883 | AW4: =((5*(F2-AW$2))/(AW$1-AW$2))+1 -> 1.8358488 | AX4: =((5*(G2-AX$2))/(AX$1-AX$2))+1 -> 2.7503842 | AY4: =((-5*(H2-AY$2))/(AY$1-AY$2))+6 -> 5.0923542 | AZ4: =((5*(I2-AZ$2))/(AZ$1-AZ$2))+1 -> 3.1730087 | BA4: =((-5*(J2-BA$2))/(BA$1-BA$2))+6 -> 5.7288136 | BB4: =AVERAGE(AU4:BA4) -> 3.40927 | BC4: =((-5*(K2-BC$2))/(BC$1-BC$2))+6 -> 4.325379 | BD4: =((-5*(L2-BD$2))/(BD$1-BD$2))+6 -> 4.8481858 | BE4: =((5*(M2-BE$2))/(BE$1-BE$2))+1 -> 1.3484108 | BF4: =((5*(N2-BF$2))/(BF$1-BF$2))+1 -> 2.5020436 | BG4: =((5*(O2-BG$2))/(BG$1-BG$2))+1 -> 1.2154422 | BH4: =((5*(P2-BH$2))/(BH$1-BH$2))+1 -> 3.2314653 | BI4: =((5*(Q2-BI$2))/(BI$1-BI$2))+1 -> 1.2348416 | BJ4: =AVERAGE(BC4:BI4) -> 2.6722526 | BK4: =((5*(R2-BK$2))/(BK$1-BK$2))+1 -> 6 | BL4: =((5*(S2-BL$2))/(BL$1-BL$2))+1 -> 5.9183244 | BM4: =((5*(T2-BM$2))/(BM$1-BM$2))+1 -> 3.883087 | BN4: =((-5*(U2-BN$2))/(BN$1-BN$2))+6 -> 2.8097161 | BO4: =((-5*(V2-BO$2))/(BO$1-BO$2))+6 -> 5.1420118 | BP4: =((5*(W2-BP$2))/(BP$1-BP$2))+1 -> 5.0473394 | BQ4: =((-5*(X2-BQ$2))/(BQ$1-BQ$2))+6 -> 5.7938144 | BR4: =((5*(Y2-BR$2))/(BR$1-BR$2))+1 -> 5.7569669 | BS4: =((5*(Z2-BS$2))/(BS$1-BS$2))+1 -> 5.9986754 | BT4: =((-5*(AA2-BT$2))/(BT$1-BT$2))+6 -> 32.725108 | BU4: =((-5*(AB2-BU$2))/(BU$1-BU$2))+6 -> 4.9392031 | BV4: =((5*(AC2-BV$2))/(BV$1-BV$2))+1 -> 4.5254453 | BX4: =AVERAGE(BK4:BV4) -> 7.3783077
A5: Australia | B5: =B4+1 -> 2011 | C5: 412.8096 | D5: 28.239982 | E5: 41.851132 | F5: 0.0099394651 | G5: 1.2060573 | H5: 1416.0994 | I5: 8.760958 | J5: 30.0954 | K5: 32.970973 | L5: 0.34148979 | M5: 8.3 | N5: 5.06 | O5: 22023.253 | P5: 8.7235204 | Q5: 91.475522 | R5: 100 | S5: 99.891962 | T5: 62.114 | V5: 3.8 | W5: 81.895122 | X5: 0.4 | Y5: 99.3 | Z5: 99.996238 | AB5: 13.323 | AC5: 12.116 | AE5: =AVERAGE(BJ7,BX7,BB7) -> 4.5570372 | AG5: 74.059998 | AH5: 1.1 | AI5: 22.945093 | AJ5: 44512.596 | AK5: 320.8005 | AL5: 19.320399 | AM5: 57361 | AN5: 96.66178 | AO5: 2.79 | AP5: 7.344625 | AQ5: 1.1092706 | AR5: 20.83 | AU5: =((-5*(D3-AU$2))/(AU$1-$AU$2))+6 -> 4.0338324 | AV5: =((5*(E3-AV$2))/(AV$1-AV$2))+1 -> 1.3175753 | AW5: =((5*(F3-AW$2))/(AW$1-AW$2))+1 -> 1.8358488 | AX5: =((5*(G3-AX$2))/(AX$1-AX$2))+1 -> 2.2450043 | AY5: =((-5*(H3-AY$2))/(AY$1-AY$2))+6 -> 5.0054242 | AZ5: =((5*(I3-AZ$2))/(AZ$1-AZ$2))+1 -> 3.5681989 | BA5: =((-5*(J3-BA$2))/(BA$1-BA$2))+6 -> 5.6124882 | BB5: =AVERAGE(AU5:BA5) -> 3.3740532 | BC5: =((-5*(K3-BC$2))/(BC$1-BC$2))+6 -> 4.3384152 | BD5: =((-5*(L3-BD$2))/(BD$1-BD$2))+6 -> 4.8535175 | BE5: =((5*(M3-BE$2))/(BE$1-BE$2))+1 -> 1.3667482 | BF5: =((5*(N3-BF$2))/(BF$1-BF$2))+1 -> 2.4679837 | BG5: =((5*(O3-BG$2))/(BG$1-BG$2))+1 -> 1.2110325 | BH5: =((5*(P3-BH$2))/(BH$1-BH$2))+1 -> 2.3001253 | BI5: =((5*(Q3-BI$2))/(BI$1-BI$2))+1 -> 1.2612509 | BJ5: =AVERAGE(BC5:BI5) -> 2.5427248 | BK5: =((5*(R3-BK$2))/(BK$1-BK$2))+1 -> 6 | BL5: =((5*(S3-BL$2))/(BL$1-BL$2))+1 -> 5.9292803 | BM5: =((5*(T3-BM$2))/(BM$1-BM$2))+1 -> 3.7791315 | BN5: =((-5*(U3-BN$2))/(BN$1-BN$2))+6 -> 6.02901 | BO5: =((-5*(V3-BO$2))/(BO$1-BO$2))+6 -> 5.2011834 | BP5: =((5*(W3-BP$2))/(BP$1-BP$2))+1 -> 5.0921238 | BQ5: =((-5*(X3-BQ$2))/(BQ$1-BQ$2))+6 -> 5.7938144 | BR5: =((5*(Y3-BR$2))/(BR$1-BR$2))+1 -> 5.7634478 | BS5: =((5*(Z3-BS$2))/(BS$1-BS$2))+1 -> 5.998801 | BT5: =((-5*(AA3-BT$2))/(BT$1-BT$2))+6 -> 32.725108 | BU5: =((-5*(AB3-BU$2))/(BU$1-BU$2))+6 -> 5.0046844 | BV5: =((5*(AC3-BV$2))/(BV$1-BV$2))+1 -> 4.5566158 | BX5: =AVERAGE(BK5:BV5) -> 7.6561
A6: Australia | B6: =B5+1 -> 2012 | C6: 413.3193 | D6: 28.291438 | E6: 43.164296 | F6: 0.021182553 | G6: 1.1651675 | H6: 1455.7146 | I6: 10.612918 | J6: 39.441661 | K6: 36.323423 | L6: 0.3290245 | M6: 8.3 | N6: 4.82 | O6: 21642.103 | P6: 5.2981388 | Q6: 79.165372 | R6: 100 | S6: 99.90077 | T6: 61.766 | U6: 32.6 | V6: 3.6 | W6: 82.046341 | X6: 0.4 | Y6: 99.32 | Z6: 99.996736 | AB6: 12.98 | AC6: 12.296 | AE6: =AVERAGE(BJ8,BX8,BB8) -> 4.4267682 | AF6: 527 | AG6: 76.480003 | AH6: 1.1 | AI6: 23.355176 | AJ6: 44512.596 | AK6: 355.5973 | AL6: 19.604399 | AM6: 57752 | AN6: 93.859693 | AO6: 2.79 | AQ6: 1.0691061 | AR6: 20.83 | AU6: =((-5*(D4-AU$2))/(AU$1-$AU$2))+6 -> 4.0538191 | AV6: =((5*(E4-AV$2))/(AV$1-AV$2))+1 -> 1.2474454 | AW6: =((5*(F4-AW$2))/(AW$1-AW$2))+1 -> 1.8308711 | AX6: =((5*(G4-AX$2))/(AX$1-AX$2))+1 -> 2.1563074 | AY6: =((-5*(H4-AY$2))/(AY$1-AY$2))+6 -> 4.8340734 | AZ6: =((5*(I4-AZ$2))/(AZ$1-AZ$2))+1 -> 3.3139542 | BA6: =((-5*(J4-BA$2))/(BA$1-BA$2))+6 -> 5.5144328 | BB6: =AVERAGE(AU6:BA6) -> 3.2787005 | BC6: =((-5*(K4-BC$2))/(BC$1-BC$2))+6 -> 4.3449333 | BD6: =((-5*(L4-BD$2))/(BD$1-BD$2))+6 -> 4.8662508 | BE6: =((5*(M4-BE$2))/(BE$1-BE$2))+1 -> 1.4339853 | BF6: =((5*(N4-BF$2))/(BF$1-BF$2))+1 -> 2.4305177 | BG6: =((5*(O4-BG$2))/(BG$1-BG$2))+1 -> 1.2077634 | BH6: =((5*(P4-BH$2))/(BH$1-BH$2))+1 -> 3.1111252 | BI6: =((5*(Q4-BI$2))/(BI$1-BI$2))+1 -> 1.2859224 | BJ6: =AVERAGE(BC6:BI6) -> 2.6686426 | BK6: =((5*(R4-BK$2))/(BK$1-BK$2))+1 -> 6 | BL6: =((5*(S4-BL$2))/(BL$1-BL$2))+1 -> 5.9393804 | BM6: =((5*(T4-BM$2))/(BM$1-BM$2))+1 -> 3.8009929 | BN6: =((-5*(U4-BN$2))/(BN$1-BN$2))+6 -> 2.8733744 | BO6: =((-5*(V4-BO$2))/(BO$1-BO$2))+6 -> 5.260355 | BP6: =((5*(W4-BP$2))/(BP$1-BP$2))+1 -> 5.1376424 | BQ6: =((-5*(X4-BQ$2))/(BQ$1-BQ$2))+6 -> 5.7938144 | BR6: =((5*(Y4-BR$2))/(BR$1-BR$2))+1 -> 5.8639015 | BS6: =((5*(Z4-BS$2))/(BS$1-BS$2))+1 -> 5.9989265 | BT6: =((-5*(AA4-BT$2))/(BT$1-BT$2))+6 -> 32.725108 | BU6: =((-5*(AB4-BU$2))/(BU$1-BU$2))+6 -> 4.9808845 | BV6: =((5*(AC4-BV$2))/(BV$1-BV$2))+1 -> 4.586514 | BX6: =AVERAGE(BK6:BV6) -> 7.4134078
A7: Australia | B7: =B6+1 -> 2013 | C7: 405.6523 | D7: 28.385747 | E7: 41.272879 | F7: 0.0085136469 | G7: 1.068135 | H7: 1742.8279 | I7: 9.7761713 | J7: 37.560001 | K7: 30.654543 | L7: 0.31473124 | M7: 9.2 | N7: 4.79 | O7: 21272.797 | P7: 5.3201157 | Q7: 67.311718 | R7: 100 | S7: 99.909589 | T7: 61.283 | V7: 3.5 | W7: 82.14878 | X7: 0.4 | Y7: 99.34 | Z7: 99.997234 | AB7: 12.732 | AC7: 12.019 | AE7: =AVERAGE(BJ9,BX9,BB9) -> 4.5028403 | AG7: 72.040001 | AH7: 1.1 | AI7: 23.455396 | AJ7: 44512.596 | AK7: 364.7715 | AL7: 19.816072 | AM7: 57579 | AN7: 92.723545 | AO7: 2.79 | AQ7: 1.0600654 | AR7: 20.83 | AU7: =((-5*(D5-AU$2))/(AU$1-$AU$2))+6 -> 4.0616364 | AV7: =((5*(E5-AV$2))/(AV$1-AV$2))+1 -> 1.2653101 | AW7: =((5*(F5-AW$2))/(AW$1-AW$2))+1 -> 1.8328413 | AX7: =((5*(G5-AX$2))/(AX$1-AX$2))+1 -> 2.1329263 | AY7: =((-5*(H5-AY$2))/(AY$1-AY$2))+6 -> 4.7537028 | AZ7: =((5*(I5-AZ$2))/(AZ$1-AZ$2))+1 -> 3.4725256 | BA7: =((-5*(J5-BA$2))/(BA$1-BA$2))+6 -> 5.4851474 | BB7: =AVERAGE(AU7:BA7) -> 3.2862986 | BC7: =((-5*(K5-BC$2))/(BC$1-BC$2))+6 -> 4.3514514 | BD7: =((-5*(L5-BD$2))/(BD$1-BD$2))+6 -> 4.9040917 | BE7: =((5*(M5-BE$2))/(BE$1-BE$2))+1 -> 1.4400978 | BF7: =((5*(N5-BF$2))/(BF$1-BF$2))+1 -> 2.3930518 | BG7: =((5*(O5-BG$2))/(BG$1-BG$2))+1 -> 1.2048861 | BH7: =((5*(P5-BH$2))/(BH$1-BH$2))+1 -> 3.283049 | BI7: =((5*(Q5-BI$2))/(BI$1-BI$2))+1 -> 1.292299 | BJ7: =AVERAGE(BC7:BI7) -> 2.695561 | BK7: =((5*(R5-BK$2))/(BK$1-BK$2))+1 -> 6 | BL7: =((5*(S5-BL$2))/(BL$1-BL$2))+1 -> 5.9439545 | BM7: =((5*(T5-BM$2))/(BM$1-BM$2))+1 -> 3.8142008 | BN7: =((-5*(U5-BN$2))/(BN$1-BN$2))+6 -> 6.02901 | BO7: =((-5*(V5-BO$2))/(BO$1-BO$2))+6 -> 5.3195266 | BP7: =((5*(W5-BP$2))/(BP$1-BP$2))+1 -> 5.1978445 | BQ7: =((-5*(X5-BQ$2))/(BQ$1-BQ$2))+6 -> 5.7938144 | BR7: =((5*(Y5-BR$2))/(BR$1-BR$2))+1 -> 5.7731692 | BS7: =((5*(Z5-BS$2))/(BS$1-BS$2))+1 -> 5.9990521 | BT7: =((-5*(AA5-BT$2))/(BT$1-BT$2))+6 -> 32.725108 | BU7: =((-5*(AB5-BU$2))/(BU$1-BU$2))+6 -> 5.0366695 | BV7: =((5*(AC5-BV$2))/(BV$1-BV$2))+1 -> 4.6386768 | BX7: =AVERAGE(BK7:BV7) -> 7.6892522
A8: Australia | B8: =B7+1 -> 2014 | C8: 396.2575 | D8: 28.467609 | E8: 42.484023 | F8: 0.010763633 | G8: 1.9830444 | H8: 1740.5106 | I8: 8.3109714 | J8: 41.72233 | K8: 28.274059 | L8: 0.29966499 | M8: 9.3 | N8: 4.64 | O8: 20957.854 | P8: 4.7609394 | Q8: 71.620809 | R8: 100 | S8: 99.961476 | T8: 60.783 | U8: 34.4 | V8: 3.4 | W8: 82.3 | X8: 0.4 | Y8: 99.02 | Z8: 99.997733 | AB8: 12.334 | AC8: 12.167 | AE8: =AVERAGE(BJ10,BX10,BB10) -> 4.4218665 | AG8: 73.599998 | AH8: 1.2 | AI8: 23.435439 | AJ8: 44512.596 | AK8: 382.2445 | AL8: 19.723025 | AM8: 58102 | AN8: 91.974377 | AO8: 2.79 | AP8: 7.284 | AQ8: 1.0353828 | AR8: 17.12 | AU8: =((-5*(D6-AU$2))/(AU$1-$AU$2))+6 -> 4.053796 | AV8: =((5*(E6-AV$2))/(AV$1-AV$2))+1 -> 1.2829547 | AW8: =((5*(F6-AW$2))/(AW$1-AW$2))+1 -> 1.8391357 | AX8: =((5*(G6-AX$2))/(AX$1-AX$2))+1 -> 2.1178279 | AY8: =((-5*(H6-AY$2))/(AY$1-AY$2))+6 -> 4.7188379 | AZ8: =((5*(I6-AZ$2))/(AZ$1-AZ$2))+1 -> 3.7001991 | BA8: =((-5*(J6-BA$2))/(BA$1-BA$2))+6 -> 5.2940106 | BB8: =AVERAGE(AU8:BA8) -> 3.2866803 | BC8: =((-5*(K6-BC$2))/(BC$1-BC$2))+6 -> 4.1838288 | BD8: =((-5*(L6-BD$2))/(BD$1-BD$2))+6 -> 4.9498571 | BE8: =((5*(M6-BE$2))/(BE$1-BE$2))+1 -> 1.4400978 | BF8: =((5*(N6-BF$2))/(BF$1-BF$2))+1 -> 2.3113079 | BG8: =((5*(O6-BG$2))/(BG$1-BG$2))+1 -> 1.2013273 | BH8: =((5*(P6-BH$2))/(BH$1-BH$2))+1 -> 2.3865859 | BI8: =((5*(Q6-BI$2))/(BI$1-BI$2))+1 -> 1.2505217 | BJ8: =AVERAGE(BC8:BI8) -> 2.5319324 | BK8: =((5*(R6-BK$2))/(BK$1-BK$2))+1 -> 6 | BL8: =((5*(S6-BL$2))/(BL$1-BL$2))+1 -> 5.9485236 | BM8: =((5*(T6-BM$2))/(BM$1-BM$2))+1 -> 3.774577 | BN8: =((-5*(U6-BN$2))/(BN$1-BN$2))+6 -> 3.0643495 | BO8: =((-5*(V6-BO$2))/(BO$1-BO$2))+6 -> 5.3786982 | BP8: =((5*(W6-BP$2))/(BP$1-BP$2))+1 -> 5.2433631 | BQ8: =((-5*(X6-BQ$2))/(BQ$1-BQ$2))+6 -> 5.7938144 | BR8: =((5*(Y6-BR$2))/(BR$1-BR$2))+1 -> 5.77965 | BS8: =((5*(Z6-BS$2))/(BS$1-BS$2))+1 -> 5.9991777 | BT8: =((-5*(AA6-BT$2))/(BT$1-BT$2))+6 -> 32.725108 | BU8: =((-5*(AB6-BU$2))/(BU$1-BU$2))+6 -> 5.079862 | BV8: =((5*(AC6-BV$2))/(BV$1-BV$2))+1 -> 4.7531807 | BX8: =AVERAGE(BK8:BV8) -> 7.461692
A9: Australia | B9: =B8+1 -> 2015 | C9: 400.5424 | D9: 28.555689 | E9: 41.663932 | F9: 0.0072996431 | G9: 2.0786277 | H9: 1597.3799 | I9: 7.2869216 | J9: 46.482038 | K9: 27.105514 | L9: 0.29641344 | M9: 9.4 | N9: 4.53 | O9: 20658.385 | P9: 3.2376547 | Q9: 146.56143 | R9: 100 | S9: 99.970001 | T9: 61.074 | V9: 3.3 | W9: 82.4 | X9: 0.4 | Y9: 99.37 | Z9: 99.998231 | AA9: 0.92526001 | AB9: 12.025 | AC9: 12.246 | AE9: =AVERAGE(BJ11,BX11,BB11) -> 3.7653051 | AF9: 521 | AG9: 75.550003 | AH9: 1.2 | AI9: 23.331328 | AJ9: 44512.596 | AK9: 402.1245 | AL9: 19.836053 | AM9: 57744 | AN9: 95.105927 | AO9: 2.79 | AP9: 7.313 | AQ9: 0.99075423 | AR9: 17.12 | AU9: =((-5*(D7-AU$2))/(AU$1-$AU$2))+6 -> 4.0394261 | AV9: =((5*(E7-AV$2))/(AV$1-AV$2))+1 -> 1.2575402 | AW9: =((5*(F7-AW$2))/(AW$1-AW$2))+1 -> 1.832043 | AX9: =((5*(G7-AX$2))/(AX$1-AX$2))+1 -> 2.0819991 | AY9: =((-5*(H7-AY$2))/(AY$1-AY$2))+6 -> 4.4661518 | AZ9: =((5*(I7-AZ$2))/(AZ$1-AZ$2))+1 -> 3.5973324 | BA9: =((-5*(J7-BA$2))/(BA$1-BA$2))+6 -> 5.3324917 | BB9: =AVERAGE(AU9:BA9) -> 3.2295692 | BC9: =((-5*(K7-BC$2))/(BC$1-BC$2))+6 -> 4.4672729 | BD9: =((-5*(L7-BD$2))/(BD$1-BD$2))+6 -> 5.0023338 | BE9: =((5*(M7-BE$2))/(BE$1-BE$2))+1 -> 1.49511 | BF9: =((5*(N7-BF$2))/(BF$1-BF$2))+1 -> 2.3010899 | BG9: =((5*(O7-BG$2))/(BG$1-BG$2))+1 -> 1.197879 | BH9: =((5*(P7-BH$2))/(BH$1-BH$2))+1 -> 2.3923375 | BI9: =((5*(Q7-BI$2))/(BI$1-BI$2))+1 -> 1.2102937 | BJ9: =AVERAGE(BC9:BI9) -> 2.5809024 | BK9: =((5*(R7-BK$2))/(BK$1-BK$2))+1 -> 6 | BL9: =((5*(S7-BL$2))/(BL$1-BL$2))+1 -> 5.9530989 | BM9: =((5*(T7-BM$2))/(BM$1-BM$2))+1 -> 3.7195819 | BN9: =((-5*(U7-BN$2))/(BN$1-BN$2))+6 -> 6.02901 | BO9: =((-5*(V7-BO$2))/(BO$1-BO$2))+6 -> 5.408284 | BP9: =((5*(W7-BP$2))/(BP$1-BP$2))+1 -> 5.2741983 | BQ9: =((-5*(X7-BQ$2))/(BQ$1-BQ$2))+6 -> 5.7938144 | BR9: =((5*(Y7-BR$2))/(BR$1-BR$2))+1 -> 5.7861309 | BS9: =((5*(Z7-BS$2))/(BS$1-BS$2))+1 -> 5.9993032 | BT9: =((-5*(AA7-BT$2))/(BT$1-BT$2))+6 -> 32.725108 | BU9: =((-5*(AB7-BU$2))/(BU$1-BU$2))+6 -> 5.1110915 | BV9: =((5*(AC7-BV$2))/(BV$1-BV$2))+1 -> 4.576972 | BX9: =AVERAGE(BK9:BV9) -> 7.6980494
A10: Australia | B10: =B9+1 -> 2016 | C10: 408.5061 | D10: 28.634285 | E10: 40.974079 | F10: 0.011668154 | G10: 2.168721 | H10: 1568.4291 | I10: 5.2762044 | J10: 54.677987 | K10: 26.046667 | L10: 0.294189 | M10: 9.6 | N10: 4.4 | O10: 20338.22 | P10: 4.0809879 | Q10: 130.71485 | R10: 100 | S10: 99.969967 | T10: 61.175 | U10: 33.7 | V10: 3.2 | W10: 82.44878 | X10: 0.4 | Y10: 99.39 | Z10: 99.998729 | AA10: 0.92517 | AB10: 11.317 | AC10: 12.352 | AE10: =AVERAGE(BJ12,BX12,BB12) -> 3.6776688 | AG10: 76.419998 | AH10: 1.2 | AI10: 23.403124 | AJ10: 44512.596 | AK10: 428.5137 | AL10: 19.257867 | AM10: 57885 | AN10: 93.608335 | AO10: 2.79 | AP10: 7.284 | AQ10: 0.93818317 | AR10: 17.12 | AU10: =((-5*(D8-AU$2))/(AU$1-$AU$2))+6 -> 4.0269526 | AV10: =((5*(E8-AV$2))/(AV$1-AV$2))+1 -> 1.273814 | AW10: =((5*(F8-AW$2))/(AW$1-AW$2))+1 -> 1.8333027 | AX10: =((5*(G8-AX$2))/(AX$1-AX$2))+1 -> 2.4198257 | AY10: =((-5*(H8-AY$2))/(AY$1-AY$2))+6 -> 4.4681913 | AZ10: =((5*(I8-AZ$2))/(AZ$1-AZ$2))+1 -> 3.4172057 | BA10: =((-5*(J8-BA$2))/(BA$1-BA$2))+6 -> 5.2473695 | BB10: =AVERAGE(AU10:BA10) -> 3.2409516 | BC10: =((-5*(K8-BC$2))/(BC$1-BC$2))+6 -> 4.586297 | BD10: =((-5*(L8-BD$2))/(BD$1-BD$2))+6 -> 5.0576484 | BE10: =((5*(M8-BE$2))/(BE$1-BE$2))+1 -> 1.5012225 | BF10: =((5*(N8-BF$2))/(BF$1-BF$2))+1 -> 2.25 | BG10: =((5*(O8-BG$2))/(BG$1-BG$2))+1 -> 1.1949383 | BH10: =((5*(P8-BH$2))/(BH$1-BH$2))+1 -> 2.2459944 | BI10: =((5*(Q8-BI$2))/(BI$1-BI$2))+1 -> 1.2249176 | BJ10: =AVERAGE(BC10:BI10) -> 2.5801455 | BK10: =((5*(R8-BK$2))/(BK$1-BK$2))+1 -> 6 | BL10: =((5*(S8-BL$2))/(BL$1-BL$2))+1 -> 5.9800156 | BM10: =((5*(T8-BM$2))/(BM$1-BM$2))+1 -> 3.6626512 | BN10: =((-5*(U8-BN$2))/(BN$1-BN$2))+6 -> 2.9006566 | BO10: =((-5*(V8-BO$2))/(BO$1-BO$2))+6 -> 5.4378698 | BP10: =((5*(W8-BP$2))/(BP$1-BP$2))+1 -> 5.3197169 | BQ10: =((-5*(X8-BQ$2))/(BQ$1-BQ$2))+6 -> 5.7938144 | BR10: =((5*(Y8-BR$2))/(BR$1-BR$2))+1 -> 5.6824368 | BS10: =((5*(Z8-BS$2))/(BS$1-BS$2))+1 -> 5.9994288 | BT10: =((-5*(AA8-BT$2))/(BT$1-BT$2))+6 -> 32.725108 | BU10: =((-5*(AB8-BU$2))/(BU$1-BU$2))+6 -> 5.1612099 | BV10: =((5*(AC8-BV$2))/(BV$1-BV$2))+1 -> 4.6711196 | BX10: =AVERAGE(BK10:BV10) -> 7.4445023
A11: Australia | B11: =B10+1 -> 2017 | C11: 410.8371 | D11: 28.646724 | E11: 42.203732 | F11: 0.0060901655 | G11: 3.803818 | H11: 1679.043 | I11: 6.4506444 | J11: 53.316436 | K11: 24.904209 | L11: 0.28927344 | M11: 9.9 | N11: 4.46 | O11: 20006.028 | P11: 5.0680477 | Q11: 117.7776 | R11: 100 | S11: 99.969938 | T11: 61.537 | V11: 3.2 | W11: 82.5 | X11: 0.4 | Y11: 99.41 | Z11: 99.999228 | AA11: 0.93753999 | AB11: 10.914 | AC11: 12.422 | AE11: =AVERAGE(BJ13,BX13,BB13) -> 3.8056284 | AG11: 77.260002 | AH11: 1.2 | AI11: 23.61036 | AJ11: 44512.596 | AK11: 439.1164 | AL11: 19.890178 | AM11: 57619 | AN11: 94.974186 | AO11: 2.79 | AP11: 7.2721 | AQ11: 0.84586083 | AR11: 17.12 | AU11: =((-5*(D9-AU$2))/(AU$1-$AU$2))+6 -> 4.0135317 | AV11: =((5*(E9-AV$2))/(AV$1-AV$2))+1 -> 1.2627947 | AW11: =((5*(F9-AW$2))/(AW$1-AW$2))+1 -> 1.8313634 | AX11: =((5*(G9-AX$2))/(AX$1-AX$2))+1 -> 2.4551194 | AY11: =((-5*(H9-AY$2))/(AY$1-AY$2))+6 -> 4.5941594 | AZ11: =((5*(I9-AZ$2))/(AZ$1-AZ$2))+1 -> 3.2913126 | BA11: =((-5*(J9-BA$2))/(BA$1-BA$2))+6 -> 5.1500305 | BB11: =AVERAGE(AU11:BA11) -> 3.2283302 | BC11: =((-5*(K9-BC$2))/(BC$1-BC$2))+6 -> 4.6447243 | BD11: =((-5*(L9-BD$2))/(BD$1-BD$2))+6 -> 5.0695863 | BE11: =((5*(M9-BE$2))/(BE$1-BE$2))+1 -> 1.507335 | BF11: =((5*(N9-BF$2))/(BF$1-BF$2))+1 -> 2.2125341 | BG11: =((5*(O9-BG$2))/(BG$1-BG$2))+1 -> 1.1921422 | BH11: =((5*(P9-BH$2))/(BH$1-BH$2))+1 -> 1.8473327 | BI11: =((5*(Q9-BI$2))/(BI$1-BI$2))+1 -> 1.4792454 | BJ11: =AVERAGE(BC11:BI11) -> 2.5647 | BK11: =((5*(R9-BK$2))/(BK$1-BK$2))+1 -> 6 | BL11: =((5*(S9-BL$2))/(BL$1-BL$2))+1 -> 5.9844378 | BM11: =((5*(T9-BM$2))/(BM$1-BM$2))+1 -> 3.6957848 | BN11: =((-5*(U9-BN$2))/(BN$1-BN$2))+6 -> 6.02901 | BO11: =((-5*(V9-BO$2))/(BO$1-BO$2))+6 -> 5.4674556 | BP11: =((5*(W9-BP$2))/(BP$1-BP$2))+1 -> 5.3498179 | BQ11: =((-5*(X9-BQ$2))/(BQ$1-BQ$2))+6 -> 5.7938144 | BR11: =((5*(Y9-BR$2))/(BR$1-BR$2))+1 -> 5.7958522 | BS11: =((5*(Z9-BS$2))/(BS$1-BS$2))+1 -> 5.9995543 | BT11: =((-5*(AA9-BT$2))/(BT$1-BT$2))+6 -> 5.9974001 | BU11: =((-5*(AB9-BU$2))/(BU$1-BU$2))+6 -> 5.2001209 | BV11: =((5*(AC9-BV$2))/(BV$1-BV$2))+1 -> 4.721374 | BX11: =AVERAGE(BK11:BV11) -> 5.5028852
A12: Australia | B12: =B11+1 -> 2018 | C12: 409.2067 | D12: 28.601562 | E12: 43.736065 | F12: 0.013508661 | G12: 3.1940178 | H12: 1806.4501 | I12: 6.0947064 | J12: 54.503066 | K12: 24.893584 | L12: 0.28006391 | M12: 9.8 | N12: 4.37 | O12: 19708.966 | P12: 5.2275206 | Q12: 118.50114 | R12: 100 | S12: 99.969894 | T12: 62.232 | U12: 34.3 | V12: 3.2 | W12: 82.74878 | X12: 0.4 | Y12: 99.43 | Z12: 99.999726 | AA12: 0.96885002 | AB12: 10.551 | AC12: 12.554 | AE12: =AVERAGE(BJ14,BX14,BB14) -> 3.6859841 | AF12: 510 | AG12: 78.330002 | AH12: 1.2 | AI12: 23.712233 | AJ12: 44512.596 | AK12: 428.0391 | AL12: 19.35634 | AM12: 57843 | AN12: 93.282543 | AO12: 2.79 | AP12: 7.228 | AQ12: 0.88473504 | AR12: 17.12 | AU12: =((-5*(D10-AU$2))/(AU$1-$AU$2))+6 -> 4.0015558 | AV12: =((5*(E10-AV$2))/(AV$1-AV$2))+1 -> 1.2535254 | AW12: =((5*(F10-AW$2))/(AW$1-AW$2))+1 -> 1.8338091 | AX12: =((5*(G10-AX$2))/(AX$1-AX$2))+1 -> 2.488386 | AY12: =((-5*(H10-AY$2))/(AY$1-AY$2))+6 -> 4.6196388 | AZ12: =((5*(I10-AZ$2))/(AZ$1-AZ$2))+1 -> 3.0441219 | BA12: =((-5*(J10-BA$2))/(BA$1-BA$2))+6 -> 4.9824183 | BB12: =AVERAGE(AU12:BA12) -> 3.1747793 | BC12: =((-5*(K10-BC$2))/(BC$1-BC$2))+6 -> 4.6976667 | BD12: =((-5*(L10-BD$2))/(BD$1-BD$2))+6 -> 5.0777531 | BE12: =((5*(M10-BE$2))/(BE$1-BE$2))+1 -> 1.5195599 | BF12: =((5*(N10-BF$2))/(BF$1-BF$2))+1 -> 2.1682561 | BG12: =((5*(O10-BG$2))/(BG$1-BG$2))+1 -> 1.1891528 | BH12: =((5*(P10-BH$2))/(BH$1-BH$2))+1 -> 2.068043 | BI12: =((5*(Q10-BI$2))/(BI$1-BI$2))+1 -> 1.4254665 | BJ12: =AVERAGE(BC12:BI12) -> 2.5922712 | BK12: =((5*(R10-BK$2))/(BK$1-BK$2))+1 -> 6 | BL12: =((5*(S10-BL$2))/(BL$1-BL$2))+1 -> 5.98442 | BM12: =((5*(T10-BM$2))/(BM$1-BM$2))+1 -> 3.7072849 | BN12: =((-5*(U10-BN$2))/(BN$1-BN$2))+6 -> 2.9643149 | BO12: =((-5*(V10-BO$2))/(BO$1-BO$2))+6 -> 5.4970414 | BP12: =((5*(W10-BP$2))/(BP$1-BP$2))+1 -> 5.3645014 | BQ12: =((-5*(X10-BQ$2))/(BQ$1-BQ$2))+6 -> 5.7938144 | BR12: =((5*(Y10-BR$2))/(BR$1-BR$2))+1 -> 5.8023331 | BS12: =((5*(Z10-BS$2))/(BS$1-BS$2))+1 -> 5.9996799 | BT12: =((-5*(AA10-BT$2))/(BT$1-BT$2))+6 -> 6 | BU12: =((-5*(AB10-BU$2))/(BU$1-BU$2))+6 -> 5.2892762 | BV12: =((5*(AC10-BV$2))/(BV$1-BV$2))+1 -> 4.7888041 | BX12: =AVERAGE(BK12:BV12) -> 5.2659559
A13: Australia | B13: =B12+1 -> 2019 | C13: 407.8604 | D13: 28.536605 | E13: 46.187502 | F13: 0.0067306717 | G13: 2.7334688 | H13: 1973.365 | I13: 6.2947493 | J13: 60.226085 | L13: 0.27320962 | M13: 10.3 | N13: 4.36 | O13: 19419.908 | P13: 5.7488613 | Q13: 141.36817 | R13: 100 | S13: 99.969854 | T13: 62.655 | V13: 3.2 | W13: 82.9 | X13: 0.4 | Y13: 99.45 | Z13: 100 | AA13: 0.96407002 | AB13: 10.269 | AC13: 12.657 | AE13: =AVERAGE(BJ15,BX15,BB15) -> 3.8362457 | AG13: 79.050003 | AH13: 1.2 | AI13: 24.914546 | AJ13: 44512.596 | AK13: 461.0253 | AM13: 58620 | AN13: 94.028273 | AO13: 2.85 | AP13: 7.2228 | AQ13: 0.88732299 | AR13: 17.12 | AU13: =((-5*(D11-AU$2))/(AU$1-$AU$2))+6 -> 3.9996605 | AV13: =((5*(E11-AV$2))/(AV$1-AV$2))+1 -> 1.2700479 | AW13: =((5*(F11-AW$2))/(AW$1-AW$2))+1 -> 1.8306862 | AX13: =((5*(G11-AX$2))/(AX$1-AX$2))+1 -> 3.0921388 | AY13: =((-5*(H11-AY$2))/(AY$1-AY$2))+6 -> 4.5222884 | AZ13: =((5*(I11-AZ$2))/(AZ$1-AZ$2))+1 -> 3.1885035 | BA13: =((-5*(J11-BA$2))/(BA$1-BA$2))+6 -> 5.0102628 | BB13: =AVERAGE(AU13:BA13) -> 3.2733697 | BC13: =((-5*(K11-BC$2))/(BC$1-BC$2))+6 -> 4.7547896 | BD13: =((-5*(L11-BD$2))/(BD$1-BD$2))+6 -> 5.0958002 | BE13: =((5*(M11-BE$2))/(BE$1-BE$2))+1 -> 1.5378973 | BF13: =((5*(N11-BF$2))/(BF$1-BF$2))+1 -> 2.1886921 | BG13: =((5*(O11-BG$2))/(BG$1-BG$2))+1 -> 1.186051 | BH13: =((5*(P11-BH$2))/(BH$1-BH$2))+1 -> 2.3263683 | BI13: =((5*(Q11-BI$2))/(BI$1-BI$2))+1 -> 1.381561 | BJ13: =AVERAGE(BC13:BI13) -> 2.6387371 | BK13: =((5*(R11-BK$2))/(BK$1-BK$2))+1 -> 6 | BL13: =((5*(S11-BL$2))/(BL$1-BL$2))+1 -> 5.9844049 | BM13: =((5*(T11-BM$2))/(BM$1-BM$2))+1 -> 3.7485027 | BN13: =((-5*(U11-BN$2))/(BN$1-BN$2))+6 -> 6.02901 | BO13: =((-5*(V11-BO$2))/(BO$1-BO$2))+6 -> 5.4970414 | BP13: =((5*(W11-BP$2))/(BP$1-BP$2))+1 -> 5.3799189 | BQ13: =((-5*(X11-BQ$2))/(BQ$1-BQ$2))+6 -> 5.7938144 | BR13: =((5*(Y11-BR$2))/(BR$1-BR$2))+1 -> 5.808814 | BS13: =((5*(Z11-BS$2))/(BS$1-BS$2))+1 -> 5.9998054 | BT13: =((-5*(AA11-BT$2))/(BT$1-BT$2))+6 -> 5.6426718 | BU13: =((-5*(AB11-BU$2))/(BU$1-BU$2))+6 -> 5.3400242 | BV13: =((5*(AC11-BV$2))/(BV$1-BV$2))+1 -> 4.8333333 | BX13: =AVERAGE(BK13:BV13) -> 5.5047784
A14: Australia | B14: =B13+1 -> 2020 | C14: 392.5191 | D14: 28.50885 | E14: 44.664456 | F14: -0.013439774 | G14: 0.45749415 | H14: 2212.1695 | I14: 7.1579708 | J14: 69.321575 | L14: 0.26324791 | M14: 11.2 | N14: 4.44 | O14: 19181.849 | P14: 6.0931587 | Q14: 171.97953 | R14: 100 | S14: 99.969818 | T14: 60.825 | U14: 0.319 | V14: 3.2 | W14: 83.2 | X14: 0.4 | Y14: 99.47 | Z14: 100 | AA14: 0.97929001 | AB14: 9.955 | AC14: 12.727 | AE14: =AVERAGE(BJ16,BX16,BB16) -> 3.7821112 | AG14: 80.050003 | AH14: 1.2 | AI14: 25.048223 | AJ14: 44512.596 | AK14: 469.6708 | AM14: 60377 | AN14: 93.446848 | AO14: 2.85 | AP14: 7.1835 | AQ14: 0.86092546 | AR14: 17.12 | AU14: =((-5*(D12-AU$2))/(AU$1-$AU$2))+6 -> 4.0065419 | AV14: =((5*(E12-AV$2))/(AV$1-AV$2))+1 -> 1.2906374 | AW14: =((5*(F12-AW$2))/(AW$1-AW$2))+1 -> 1.8348395 | AX14: =((5*(G12-AX$2))/(AX$1-AX$2))+1 -> 2.8669726 | AY14: =((-5*(H12-AY$2))/(AY$1-AY$2))+6 -> 4.4101585 | AZ14: =((5*(I12-AZ$2))/(AZ$1-AZ$2))+1 -> 3.1447457 | BA14: =((-5*(J12-BA$2))/(BA$1-BA$2))+6 -> 4.9859955 | BB14: =AVERAGE(AU14:BA14) -> 3.2199844 | BC14: =((-5*(K12-BC$2))/(BC$1-BC$2))+6 -> 4.7553208 | BD14: =((-5*(L12-BD$2))/(BD$1-BD$2))+6 -> 5.1296124 | BE14: =((5*(M12-BE$2))/(BE$1-BE$2))+1 -> 1.5317848 | BF14: =((5*(N12-BF$2))/(BF$1-BF$2))+1 -> 2.1580381 | BG14: =((5*(O12-BG$2))/(BG$1-BG$2))+1 -> 1.1832774 | BH14: =((5*(P12-BH$2))/(BH$1-BH$2))+1 -> 2.3681043 | BI14: =((5*(Q12-BI$2))/(BI$1-BI$2))+1 -> 1.3840165 | BJ14: =AVERAGE(BC14:BI14) -> 2.6443078 | BK14: =((5*(R12-BK$2))/(BK$1-BK$2))+1 -> 6 | BL14: =((5*(S12-BL$2))/(BL$1-BL$2))+1 -> 5.9843822 | BM14: =((5*(T12-BM$2))/(BM$1-BM$2))+1 -> 3.8276365 | BN14: =((-5*(U12-BN$2))/(BN$1-BN$2))+6 -> 2.9097506 | BO14: =((-5*(V12-BO$2))/(BO$1-BO$2))+6 -> 5.4970414 | BP14: =((5*(W12-BP$2))/(BP$1-BP$2))+1 -> 5.4548044 | BQ14: =((-5*(X12-BQ$2))/(BQ$1-BQ$2))+6 -> 5.7938144 | BR14: =((5*(Y12-BR$2))/(BR$1-BR$2))+1 -> 5.8152949 | BS14: =((5*(Z12-BS$2))/(BS$1-BS$2))+1 -> 5.999931 | BT14: =((-5*(AA12-BT$2))/(BT$1-BT$2))+6 -> 4.7382286 | BU14: =((-5*(AB12-BU$2))/(BU$1-BU$2))+6 -> 5.3857352 | BV14: =((5*(AC12-BV$2))/(BV$1-BV$2))+1 -> 4.9173028 | BX14: =AVERAGE(BK14:BV14) -> 5.1936602
A15: Australia | B15: =B14+1 -> 2021 | C15: 384.6772 | D15: 28.419219 | E15: 40.30248 | F15: 0.019673998 | G15: 0.52290941 | H15: 2169.6445 | I15: 6.4177718 | J15: 70.010912 | L15: 0.25265467 | M15: 12.3 | N15: 4.1 | O15: 19154.842 | P15: 13.357875 | Q15: 133.08928 | R15: 100 | S15: 99.969775 | T15: 62.738 | V15: 3.2 | W15: 83.3 | X15: 0.4 | Y15: 99.48 | Z15: 100 | AB15: 9.535 | AC15: 12.727 | AE15: =AVERAGE(BJ17,BX17,BB17) -> 4.6576014 | AF15: 503 | AG15: 81.129997 | AH15: 1.2 | AI15: 24.13027 | AJ15: 44512.596 | AK15: 510.6896 | AM15: 60681.499 | AN15: 91.646805 | AO15: 2.85 | AP15: 7.1621 | AQ15: 0.74456748 | AR15: 17.12 | AU15: =((-5*(D13-AU$2))/(AU$1-$AU$2))+6 -> 4.0164395 | AV15: =((5*(E13-AV$2))/(AV$1-AV$2))+1 -> 1.3235766 | AW15: =((5*(F13-AW$2))/(AW$1-AW$2))+1 -> 1.8310448 | AX15: =((5*(G13-AX$2))/(AX$1-AX$2))+1 -> 2.6969168 | AY15: =((-5*(H13-AY$2))/(AY$1-AY$2))+6 -> 4.2632581 | AZ15: =((5*(I13-AZ$2))/(AZ$1-AZ$2))+1 -> 3.1693383 | BA15: =((-5*(J13-BA$2))/(BA$1-BA$2))+6 -> 4.8689562 | BB15: =AVERAGE(AU15:BA15) -> 3.1670758 | BC15: =((-5*(K13-BC$2))/(BC$1-BC$2))+6 -> 6 | BD15: =((-5*(L13-BD$2))/(BD$1-BD$2))+6 -> 5.1547774 | BE15: =((5*(M13-BE$2))/(BE$1-BE$2))+1 -> 1.5623472 | BF15: =((5*(N13-BF$2))/(BF$1-BF$2))+1 -> 2.1546322 | BG15: =((5*(O13-BG$2))/(BG$1-BG$2))+1 -> 1.1805784 | BH15: =((5*(P13-BH$2))/(BH$1-BH$2))+1 -> 2.5045453 | BI15: =((5*(Q13-BI$2))/(BI$1-BI$2))+1 -> 1.4616209 | BJ15: =AVERAGE(BC15:BI15) -> 2.8597859 | BK15: =((5*(R13-BK$2))/(BK$1-BK$2))+1 -> 6 | BL15: =((5*(S13-BL$2))/(BL$1-BL$2))+1 -> 5.9843618 | BM15: =((5*(T13-BM$2))/(BM$1-BM$2))+1 -> 3.8757999 | BN15: =((-5*(U13-BN$2))/(BN$1-BN$2))+6 -> 6.02901 | BO15: =((-5*(V13-BO$2))/(BO$1-BO$2))+6 -> 5.4970414 | BP15: =((5*(W13-BP$2))/(BP$1-BP$2))+1 -> 5.500323 | BQ15: =((-5*(X13-BQ$2))/(BQ$1-BQ$2))+6 -> 5.7938144 | BR15: =((5*(Y13-BR$2))/(BR$1-BR$2))+1 -> 5.8217758 | BS15: =((5*(Z13-BS$2))/(BS$1-BS$2))+1 -> 6 | BT15: =((-5*(AA13-BT$2))/(BT$1-BT$2))+6 -> 4.8763069 | BU15: =((-5*(AB13-BU$2))/(BU$1-BU$2))+6 -> 5.4212462 | BV15: =((5*(AC13-BV$2))/(BV$1-BV$2))+1 -> 4.9828244 | BX15: =AVERAGE(BK15:BV15) -> 5.4818753
A16: Australia | B16: =B15+1 -> 2022 | C16: 374.8785 | D16: 28.189373 | E16: 45.82177 | F16: 0.029241006 | G16: 0.69450396 | H16: 1564.5371 | J16: 58.046696 | L16: 0.23619847 | N16: 4.12 | R16: 100 | S16: 99.969731 | T16: 64.354 | V16: 3.2 | W16: 83.2 | X16: 0.4 | Y16: 99.5 | Z16: 100 | AB16: 8.917 | AC16: 12.727 | AE16: =AVERAGE(BJ18,BX18,BB18) -> 4.4430322 | AF16: 487 | AG16: 81.669998 | AH16: 1.2 | AI16: 23.179486 | AJ16: 44512.596 | AM16: 59407.89 | AN16: 93.81476 | AO16: 2.85 | AP16: 7.0946 | AR16: 17.12 | AU16: =((-5*(D14-AU$2))/(AU$1-$AU$2))+6 -> 4.0206686 | AV16: =((5*(E14-AV$2))/(AV$1-AV$2))+1 -> 1.3031119 | AW16: =((5*(F14-AW$2))/(AW$1-AW$2))+1 -> 1.8197524 | AX16: =((5*(G14-AX$2))/(AX$1-AX$2))+1 -> 1.8565224 | AY16: =((-5*(H14-AY$2))/(AY$1-AY$2))+6 -> 4.0530883 | AZ16: =((5*(I14-AZ$2))/(AZ$1-AZ$2))+1 -> 3.2754598 | BA16: =((-5*(J14-BA$2))/(BA$1-BA$2))+6 -> 4.6829478 | BB16: =AVERAGE(AU16:BA16) -> 3.0016502 | BC16: =((-5*(K14-BC$2))/(BC$1-BC$2))+6 -> 6 | BD16: =((-5*(L14-BD$2))/(BD$1-BD$2))+6 -> 5.1913511 | BE16: =((5*(M14-BE$2))/(BE$1-BE$2))+1 -> 1.6173594 | BF16: =((5*(N14-BF$2))/(BF$1-BF$2))+1 -> 2.1818801 | BG16: =((5*(O14-BG$2))/(BG$1-BG$2))+1 -> 1.1783556 | BH16: =((5*(P14-BH$2))/(BH$1-BH$2))+1 -> 2.594652 | BI16: =((5*(Q14-BI$2))/(BI$1-BI$2))+1 -> 1.5655075 | BJ16: =AVERAGE(BC16:BI16) -> 2.904158 | BK16: =((5*(R14-BK$2))/(BK$1-BK$2))+1 -> 6 | BL16: =((5*(S14-BL$2))/(BL$1-BL$2))+1 -> 5.9843427 | BM16: =((5*(T14-BM$2))/(BM$1-BM$2))+1 -> 3.6674333 | BN16: =((-5*(U14-BN$2))/(BN$1-BN$2))+6 -> 6 | BO16: =((-5*(V14-BO$2))/(BO$1-BO$2))+6 -> 5.4970414 | BP16: =((5*(W14-BP$2))/(BP$1-BP$2))+1 -> 5.5906261 | BQ16: =((-5*(X14-BQ$2))/(BQ$1-BQ$2))+6 -> 5.7938144 | BR16: =((5*(Y14-BR$2))/(BR$1-BR$2))+1 -> 5.8282566 | BS16: =((5*(Z14-BS$2))/(BS$1-BS$2))+1 -> 6 | BT16: =((-5*(AA14-BT$2))/(BT$1-BT$2))+6 -> 4.4366517 | BU16: =((-5*(AB14-BU$2))/(BU$1-BU$2))+6 -> 5.4607868 | BV16: =((5*(AC14-BV$2))/(BV$1-BV$2))+1 -> 5.0273537 | BX16: =AVERAGE(BK16:BV16) -> 5.4405256
A17: Australia | B17: =B16+1 -> 2023 | C17: 373.6164 | D17: 27.916839 | E17: 49.225184 | F17: 0.0094101457 | G17: 0.64528262 | L17: 0.22757031 | R17: 100 | T17: 64.707 | X17: 0.4 | Y17: 99.52 | Z17: 100 | AB17: 8.958 | AE17: =AVERAGE(BJ19,BX19,BB19) -> 2.1689142 | AG17: 78.963837 | AI17: 23.179486 | AJ17: 44512.596 | AP17: 7.0569 | AU17: =((-5*(D15-AU$2))/(AU$1-$AU$2))+6 -> 4.0343259 | AV17: =((5*(E15-AV$2))/(AV$1-AV$2))+1 -> 1.2445013 | AW17: =((5*(F15-AW$2))/(AW$1-AW$2))+1 -> 1.8382912 | AX17: =((5*(G15-AX$2))/(AX$1-AX$2))+1 -> 1.8806768 | AY17: =((-5*(H15-AY$2))/(AY$1-AY$2))+6 -> 4.0905141 | AZ17: =((5*(I15-AZ$2))/(AZ$1-AZ$2))+1 -> 3.1844623 | BA17: =((-5*(J15-BA$2))/(BA$1-BA$2))+6 -> 4.6688504 | BB17: =AVERAGE(AU17:BA17) -> 2.9916603 | BC17: =((-5*(K15-BC$2))/(BC$1-BC$2))+6 -> 6 | BD17: =((-5*(L15-BD$2))/(BD$1-BD$2))+6 -> 5.2302434 | BE17: =((5*(M15-BE$2))/(BE$1-BE$2))+1 -> 1.6845966 | BF17: =((5*(N15-BF$2))/(BF$1-BF$2))+1 -> 2.0660763 | BG17: =((5*(O15-BG$2))/(BG$1-BG$2))+1 -> 1.1781034 | BH17: =((5*(P15-BH$2))/(BH$1-BH$2))+1 -> 4.4959147 | BI17: =((5*(Q15-BI$2))/(BI$1-BI$2))+1 -> 1.4335247 | BJ17: =AVERAGE(BC17:BI17) -> 3.1554942 | BK17: =((5*(R15-BK$2))/(BK$1-BK$2))+1 -> 6 | BL17: =((5*(S15-BL$2))/(BL$1-BL$2))+1 -> 5.9843204 | BM17: =((5*(T15-BM$2))/(BM$1-BM$2))+1 -> 3.8852504 | BN17: =((-5*(U15-BN$2))/(BN$1-BN$2))+6 -> 6.02901 | BO17: =((-5*(V15-BO$2))/(BO$1-BO$2))+6 -> 5.4970414 | BP17: =((5*(W15-BP$2))/(BP$1-BP$2))+1 -> 5.6207271 | BQ17: =((-5*(X15-BQ$2))/(BQ$1-BQ$2))+6 -> 5.7938144 | BR17: =((5*(Y15-BR$2))/(BR$1-BR$2))+1 -> 5.8314971 | BS17: =((5*(Z15-BS$2))/(BS$1-BS$2))+1 -> 6 | BT17: =((-5*(AA15-BT$2))/(BT$1-BT$2))+6 -> 32.725108 | BU17: =((-5*(AB15-BU$2))/(BU$1-BU$2))+6 -> 5.5136755 | BV17: =((5*(AC15-BV$2))/(BV$1-BV$2))+1 -> 5.0273537 | BX17: =AVERAGE(BK17:BV17) -> 7.8256498
A18: Australia | B18: =B17+1 -> 2024 | R18: 100 | Z18: 100 | AE18: =AVERAGE(BJ20,BX20,BB20) -> 1.3047693 | AJ18: 44512.596 | AU18: =((-5*(D16-AU$2))/(AU$1-$AU$2))+6 -> 4.0693478 | AV18: =((5*(E16-AV$2))/(AV$1-AV$2))+1 -> 1.3186624 | AW18: =((5*(F16-AW$2))/(AW$1-AW$2))+1 -> 1.8436473 | AX18: =((5*(G16-AX$2))/(AX$1-AX$2))+1 -> 1.9440373 | AY18: =((-5*(H16-AY$2))/(AY$1-AY$2))+6 -> 4.6230641 | AZ18: =((5*(I16-AZ$2))/(AZ$1-AZ$2))+1 -> 2.3954833 | BA18: =((-5*(J16-BA$2))/(BA$1-BA$2))+6 -> 4.9135261 | BB18: =AVERAGE(AU18:BA18) -> 3.0153955 | BC18: =((-5*(K16-BC$2))/(BC$1-BC$2))+6 -> 6 | BD18: =((-5*(L16-BD$2))/(BD$1-BD$2))+6 -> 5.2906611 | BE18: =((5*(M16-BE$2))/(BE$1-BE$2))+1 -> 0.93276284 | BF18: =((5*(N16-BF$2))/(BF$1-BF$2))+1 -> 2.0728883 | BG18: =((5*(O16-BG$2))/(BG$1-BG$2))+1 -> 0.99925274 | BH18: =((5*(P16-BH$2))/(BH$1-BH$2))+1 -> 1 | BI18: =((5*(Q16-BI$2))/(BI$1-BI$2))+1 -> 0.9818562 | BJ18: =AVERAGE(BC18:BI18) -> 2.468203 | BK18: =((5*(R16-BK$2))/(BK$1-BK$2))+1 -> 6 | BL18: =((5*(S16-BL$2))/(BL$1-BL$2))+1 -> 5.984298 | BM18: =((5*(T16-BM$2))/(BM$1-BM$2))+1 -> 4.0692506 | BN18: =((-5*(U16-BN$2))/(BN$1-BN$2))+6 -> 6.02901 | BO18: =((-5*(V16-BO$2))/(BO$1-BO$2))+6 -> 5.4970414 | BP18: =((5*(W16-BP$2))/(BP$1-BP$2))+1 -> 5.5906261 | BQ18: =((-5*(X16-BQ$2))/(BQ$1-BQ$2))+6 -> 5.7938144 | BR18: =((5*(Y16-BR$2))/(BR$1-BR$2))+1 -> 5.837978 | BS18: =((5*(Z16-BS$2))/(BS$1-BS$2))+1 -> 6 | BT18: =((-5*(AA16-BT$2))/(BT$1-BT$2))+6 -> 32.725108 | BU18: =((-5*(AB16-BU$2))/(BU$1-BU$2))+6 -> 5.5914975 | BV18: =((5*(AC16-BV$2))/(BV$1-BV$2))+1 -> 5.0273537 | BX18: =AVERAGE(BK18:BV18) -> 7.8454981
A19: Australia | B19: =B18+1 -> 2025 | R19: 100 | Z19: 100 | AE19: =AVERAGE(BJ21,BX21,BB21) -> 1.3047693 | AJ19: 44512.596 | AU19: =((-5*(D17-AU$2))/(AU$1-$AU$2))+6 -> 4.1108743 | AV19: =((5*(E17-AV$2))/(AV$1-AV$2))+1 -> 1.3643931 | AW19: =((5*(F17-AW$2))/(AW$1-AW$2))+1 -> 1.8325449 | AX19: =((5*(G17-AX$2))/(AX$1-AX$2))+1 -> 1.9258626 | AY19: =((-5*(H17-AY$2))/(AY$1-AY$2))+6 -> 6 | AZ19: =((5*(I17-AZ$2))/(AZ$1-AZ$2))+1 -> 2.3954833 | BA19: =((-5*(J17-BA$2))/(BA$1-BA$2))+6 -> 6.1006171 | BB19: =AVERAGE(AU19:BA19) -> 3.3899679 | BC19: =((-5*(K17-BC$2))/(BC$1-BC$2))+6 -> 6 | BD19: =((-5*(L17-BD$2))/(BD$1-BD$2))+6 -> 5.3223388 | BE19: =((5*(M17-BE$2))/(BE$1-BE$2))+1 -> 0.93276284 | BF19: =((5*(N17-BF$2))/(BF$1-BF$2))+1 -> 0.66961853 | BG19: =((5*(O17-BG$2))/(BG$1-BG$2))+1 -> 0.99925274 | BH19: =((5*(P17-BH$2))/(BH$1-BH$2))+1 -> 1 | BI19: =((5*(Q17-BI$2))/(BI$1-BI$2))+1 -> 0.9818562 | BJ19: =AVERAGE(BC19:BI19) -> 2.2722613 | BK19: =((5*(R17-BK$2))/(BK$1-BK$2))+1 -> 6 | BL19: =((5*(S17-BL$2))/(BL$1-BL$2))+1 -> -45.87567 | BM19: =((5*(T17-BM$2))/(BM$1-BM$2))+1 -> 4.1094437 | BN19: =((-5*(U17-BN$2))/(BN$1-BN$2))+6 -> 6.02901 | BO19: =((-5*(V17-BO$2))/(BO$1-BO$2))+6 -> 6.443787 | BP19: =((5*(W17-BP$2))/(BP$1-BP$2))+1 -> -19.453424 | BQ19: =((-5*(X17-BQ$2))/(BQ$1-BQ$2))+6 -> 5.7938144 | BR19: =((5*(Y17-BR$2))/(BR$1-BR$2))+1 -> 5.8444588 | BS19: =((5*(Z17-BS$2))/(BS$1-BS$2))+1 -> 6 | BT19: =((-5*(AA17-BT$2))/(BT$1-BT$2))+6 -> 32.725108 | BU19: =((-5*(AB17-BU$2))/(BU$1-BU$2))+6 -> 5.5863346 | BV19: =((5*(AC17-BV$2))/(BV$1-BV$2))+1 -> -3.0687023 | BX19: =AVERAGE(BK19:BV19) -> 0.84451331
A20: Austria | B20: 2008 | C20: 75.2369 | D20: 22.600561 | E20: 102.7437 | F20: 0.011362113 | G20: 2.3694427 | H20: 1068.9996 | I20: 16.389525 | J20: 72.410468 | K20: 99.148298 | L20: 0.20518561 | M20: 29.7 | N20: 3.15 | O20: 6609.3885 | P20: 0.25818187 | Q20: 104.4144 | R20: 100 | S20: 99.999998 | T20: 57.558 | U20: 30.4 | V20: 3.8 | W20: 80.431707 | X20: 0.4 | Y20: 99.95 | Z20: 99.989327 | AA20: 0.96560001 | AB20: 14.078 | AC20: 11.468 | AE20: =AVERAGE(BJ22,BX22,BB22) -> 3.5777449 | AG20: 72.470001 | AI20: 20.912248 | AJ20: 37553.092 | AK20: 564653 | AL20: 24.322753 | AM20: 62081 | AN20: 92.66891 | AO20: 1.21 | AQ20: 0.69702059 | AR20: 19.07 | AU20: =((-5*(D18-AU$2))/(AU$1-$AU$2))+6 -> 8.3646123 | AV20: =((5*(E18-AV$2))/(AV$1-AV$2))+1 -> 0.70296827 | AW20: =((5*(F18-AW$2))/(AW$1-AW$2))+1 -> 1.8272767 | AX20: =((5*(G18-AX$2))/(AX$1-AX$2))+1 -> 1.6875946 | AY20: =((-5*(H18-AY$2))/(AY$1-AY$2))+6 -> 6 | AZ20: =((5*(I18-AZ$2))/(AZ$1-AZ$2))+1 -> 2.3954833 | BA20: =((-5*(J18-BA$2))/(BA$1-BA$2))+6 -> 6.1006171 | BB20: =AVERAGE(AU20:BA20) -> 3.8683646 | BC20: =((-5*(K18-BC$2))/(BC$1-BC$2))+6 -> 6 | BD20: =((-5*(L18-BD$2))/(BD$1-BD$2))+6 -> 6.1578467 | BE20: =((5*(M18-BE$2))/(BE$1-BE$2))+1 -> 0.93276284 | BF20: =((5*(N18-BF$2))/(BF$1-BF$2))+1 -> 0.66961853 | BG20: =((5*(O18-BG$2))/(BG$1-BG$2))+1 -> 0.99925274 | BH20: =((5*(P18-BH$2))/(BH$1-BH$2))+1 -> 1 | BI20: =((5*(Q18-BI$2))/(BI$1-BI$2))+1 -> 0.9818562 | BJ20: =AVERAGE(BC20:BI20) -> 2.3916196 | BK20: =((5*(R18-BK$2))/(BK$1-BK$2))+1 -> 6 | BL20: =((5*(S18-BL$2))/(BL$1-BL$2))+1 -> -45.87567 | BM20: =((5*(T18-BM$2))/(BM$1-BM$2))+1 -> -3.2581923 | BN20: =((-5*(U18-BN$2))/(BN$1-BN$2))+6 -> 6.02901 | BO20: =((-5*(V18-BO$2))/(BO$1-BO$2))+6 -> 6.443787 | BP20: =((5*(W18-BP$2))/(BP$1-BP$2))+1 -> -19.453424 | BQ20: =((-5*(X18-BQ$2))/(BQ$1-BQ$2))+6 -> 6 | BR20: =((5*(Y18-BR$2))/(BR$1-BR$2))+1 -> -26.404407 | BS20: =((5*(Z18-BS$2))/(BS$1-BS$2))+1 -> 6 | BT20: =((-5*(AA18-BT$2))/(BT$1-BT$2))+6 -> 32.725108 | BU20: =((-5*(AB18-BU$2))/(BU$1-BU$2))+6 -> 6.7143757 | BV20: =((5*(AC18-BV$2))/(BV$1-BV$2))+1 -> -3.0687023 | BX20: =AVERAGE(BK20:BV20) -> -2.3456763
A21: Austria | B21: =B20+1 -> 2009 | C21: 68.0563 | D21: 22.26304 | E21: 87.600493 | F21: -0.038384931 | G21: 0.35740958 | H21: 1099.5941 | I21: 12.271648 | J21: 83.846851 | K21: 99 | L21: 0.19250652 | M21: 31.3 | N21: 3.12 | O21: 6592.0977 | P21: 0.16759974 | Q21: 100.98254 | R21: 100 | S21: 100 | T21: 57.107 | U21: 31.5 | V21: 3.7 | W21: 80.331707 | X21: 0.5 | Y21: 99.94 | Z21: 99.987572 | AA21: 0.96524 | AB21: 13.233 | AC21: 11.674 | AE21: =AVERAGE(BJ23,BX23,BB23) -> 3.5034549 | AF21: 511 | AG21: 75.809998 | AI21: 21.189422 | AJ21: 35583.929 | AK21: 395.7118 | AL21: 21.681013 | AM21: 63135 | AN21: 87.115678 | AO21: 1.21 | AQ21: 0.61129563 | AR21: 19.07 | AU21: =((-5*(D19-AU$2))/(AU$1-$AU$2))+6 -> 8.3646123 | AV21: =((5*(E19-AV$2))/(AV$1-AV$2))+1 -> 0.70296827 | AW21: =((5*(F19-AW$2))/(AW$1-AW$2))+1 -> 1.8272767 | AX21: =((5*(G19-AX$2))/(AX$1-AX$2))+1 -> 1.6875946 | AY21: =((-5*(H19-AY$2))/(AY$1-AY$2))+6 -> 6 | AZ21: =((5*(I19-AZ$2))/(AZ$1-AZ$2))+1 -> 2.3954833 | BA21: =((-5*(J19-BA$2))/(BA$1-BA$2))+6 -> 6.1006171 | BB21: =AVERAGE(AU21:BA21) -> 3.8683646 | BC21: =((-5*(K19-BC$2))/(BC$1-BC$2))+6 -> 6 | BD21: =((-5*(L19-BD$2))/(BD$1-BD$2))+6 -> 6.1578467 | BE21: =((5*(M19-BE$2))/(BE$1-BE$2))+1 -> 0.93276284 | BF21: =((5*(N19-BF$2))/(BF$1-BF$2))+1 -> 0.66961853 | BG21: =((5*(O19-BG$2))/(BG$1-BG$2))+1 -> 0.99925274 | BH21: =((5*(P19-BH$2))/(BH$1-BH$2))+1 -> 1 | BI21: =((5*(Q19-BI$2))/(BI$1-BI$2))+1 -> 0.9818562 | BJ21: =AVERAGE(BC21:BI21) -> 2.3916196 | BK21: =((5*(R19-BK$2))/(BK$1-BK$2))+1 -> 6 | BL21: =((5*(S19-BL$2))/(BL$1-BL$2))+1 -> -45.87567 | BM21: =((5*(T19-BM$2))/(BM$1-BM$2))+1 -> -3.2581923 | BN21: =((-5*(U19-BN$2))/(BN$1-BN$2))+6 -> 6.02901 | BO21: =((-5*(V19-BO$2))/(BO$1-BO$2))+6 -> 6.443787 | BP21: =((5*(W19-BP$2))/(BP$1-BP$2))+1 -> -19.453424 | BQ21: =((-5*(X19-BQ$2))/(BQ$1-BQ$2))+6 -> 6 | BR21: =((5*(Y19-BR$2))/(BR$1-BR$2))+1 -> -26.404407 | BS21: =((5*(Z19-BS$2))/(BS$1-BS$2))+1 -> 6 | BT21: =((-5*(AA19-BT$2))/(BT$1-BT$2))+6 -> 32.725108 | BU21: =((-5*(AB19-BU$2))/(BU$1-BU$2))+6 -> 6.7143757 | BV21: =((5*(AC19-BV$2))/(BV$1-BV$2))+1 -> -3.0687023 | BX21: =AVERAGE(BK21:BV21) -> -2.3456763
A22: Austria | B22: =B21+1 -> 2010 | C22: 73.7958 | D22: 21.950481 | E22: 99.644883 | F22: 0.015645336 | G22: 0.35352401 | H22: 1124.4999 | I22: 12.952806 | J22: 86.324831 | K22: 99 | L22: 0.20503247 | M22: 31.1 | N22: 3.26 | O22: 6576.2697 | P22: 0.21629138 | Q22: 103.12966 | R22: 100 | S22: 100 | T22: 57.343 | U22: 30.3 | V22: 3.6 | W22: 80.580488 | X22: 0.4 | Y22: 99.94 | Z22: 99.985834 | AA22: 0.96872002 | AB22: 12.908 | AC22: 11.715 | AE22: =AVERAGE(BJ24,BX24,BB24) -> 3.5229458 | AG22: 76.559998 | AH22: 1.0393014 | AI22: 21.204328 | AJ22: 36171.812 | AK22: 408.4862 | AL22: 25.446376 | AM22: 62831 | AN22: 94.573729 | AO22: 1.21 | AQ22: 0.72941824 | AR22: 19.07 | AU22: =((-5*(D20-AU$2))/(AU$1-$AU$2))+6 -> 4.920925 | AV22: =((5*(E20-AV$2))/(AV$1-AV$2))+1 -> 2.0835063 | AW22: =((5*(F20-AW$2))/(AW$1-AW$2))+1 -> 1.8336377 | AX22: =((5*(G20-AX$2))/(AX$1-AX$2))+1 -> 2.5625016 | AY22: =((-5*(H20-AY$2))/(AY$1-AY$2))+6 -> 5.0591824 | AZ22: =((5*(I20-AZ$2))/(AZ$1-AZ$2))+1 -> 4.4103554 | BA22: =((-5*(J20-BA$2))/(BA$1-BA$2))+6 -> 4.619778 | BB22: =AVERAGE(AU22:BA22) -> 3.6414124 | BC22: =((-5*(K20-BC$2))/(BC$1-BC$2))+6 -> 1.0425851 | BD22: =((-5*(L20-BD$2))/(BD$1-BD$2))+6 -> 5.4045226 | BE22: =((5*(M20-BE$2))/(BE$1-BE$2))+1 -> 2.7481663 | BF22: =((5*(N20-BF$2))/(BF$1-BF$2))+1 -> 1.7425068 | BG22: =((5*(O20-BG$2))/(BG$1-BG$2))+1 -> 1.0609653 | BH22: =((5*(P20-BH$2))/(BH$1-BH$2))+1 -> 1.0675693 | BI22: =((5*(Q20-BI$2))/(BI$1-BI$2))+1 -> 1.33621 | BJ22: =AVERAGE(BC22:BI22) -> 2.0575036 | BK22: =((5*(R20-BK$2))/(BK$1-BK$2))+1 -> 6 | BL22: =((5*(S20-BL$2))/(BL$1-BL$2))+1 -> 5.9999991 | BM22: =((5*(T20-BM$2))/(BM$1-BM$2))+1 -> 3.2954478 | BN22: =((-5*(U20-BN$2))/(BN$1-BN$2))+6 -> 3.2644186 | BO22: =((-5*(V20-BO$2))/(BO$1-BO$2))+6 -> 5.3195266 | BP22: =((5*(W20-BP$2))/(BP$1-BP$2))+1 -> 4.7573417 | BQ22: =((-5*(X20-BQ$2))/(BQ$1-BQ$2))+6 -> 5.7938144 | BR22: =((5*(Y20-BR$2))/(BR$1-BR$2))+1 -> 5.9837978 | BS22: =((5*(Z20-BS$2))/(BS$1-BS$2))+1 -> 5.997311 | BT22: =((-5*(AA20-BT$2))/(BT$1-BT$2))+6 -> 4.8321105 | BU22: =((-5*(AB20-BU$2))/(BU$1-BU$2))+6 -> 4.9415957 | BV22: =((5*(AC20-BV$2))/(BV$1-BV$2))+1 -> 4.2264631 | BX22: =AVERAGE(BK22:BV22) -> 5.0343189
A23: Austria | B23: =B22+1 -> 2011 | C23: 72.1947 | D23: 21.659739 | E23: 105.7751 | F23: 0.025811032 | G23: 0.34420932 | H23: 1122.9581 | I23: 13.464867 | J23: 86.242002 | K23: 98.451542 | L23: 0.194879 | M23: 31.6 | N23: 3.07 | O23: 6554.1396 | P23: 0.24469049 | Q23: 107.34488 | R23: 100 | S23: 99.999999 | T23: 57.558 | U23: 30.8 | V23: 3.5 | W23: 80.982927 | X23: 0.4 | Y23: 99.93 | Z23: 99.984112 | AA23: 0.97008002 | AB23: 12.358 | AC23: 11.711 | AE23: =AVERAGE(BJ25,BX25,BB25) -> 3.5389715 | AG23: 76.43 | AH23: 0.42038425 | AI23: 21.147973 | AJ23: 36601.337 | AK23: 406.3002 | AL23: 26.25585 | AM23: 62159 | AN23: 93.32737 | AO23: 1.21 | AP23: 7.227316 | AQ23: 0.91762805 | AR23: 19.07 | AU23: =((-5*(D21-AU$2))/(AU$1-$AU$2))+6 -> 4.9723537 | AV23: =((5*(E21-AV$2))/(AV$1-AV$2))+1 -> 1.8800313 | AW23: =((5*(F21-AW$2))/(AW$1-AW$2))+1 -> 1.8057868 | AX23: =((5*(G21-AX$2))/(AX$1-AX$2))+1 -> 1.8195666 | AY23: =((-5*(H21-AY$2))/(AY$1-AY$2))+6 -> 5.0322565 | AZ23: =((5*(I21-AZ$2))/(AZ$1-AZ$2))+1 -> 3.9041178 | BA23: =((-5*(J21-BA$2))/(BA$1-BA$2))+6 -> 4.3858969 | BB23: =AVERAGE(AU23:BA23) -> 3.4000014 | BC23: =((-5*(K21-BC$2))/(BC$1-BC$2))+6 -> 1.05 | BD23: =((-5*(L21-BD$2))/(BD$1-BD$2))+6 -> 5.451073 | BE23: =((5*(M21-BE$2))/(BE$1-BE$2))+1 -> 2.8459658 | BF23: =((5*(N21-BF$2))/(BF$1-BF$2))+1 -> 1.7322888 | BG23: =((5*(O21-BG$2))/(BG$1-BG$2))+1 -> 1.0608038 | BH23: =((5*(P21-BH$2))/(BH$1-BH$2))+1 -> 1.0438628 | BI23: =((5*(Q21-BI$2))/(BI$1-BI$2))+1 -> 1.3245632 | BJ23: =AVERAGE(BC23:BI23) -> 2.0726511 | BK23: =((5*(R21-BK$2))/(BK$1-BK$2))+1 -> 6 | BL23: =((5*(S21-BL$2))/(BL$1-BL$2))+1 -> 6 | BM23: =((5*(T21-BM$2))/(BM$1-BM$2))+1 -> 3.2440963 | BN23: =((-5*(U21-BN$2))/(BN$1-BN$2))+6 -> 3.1643841 | BO23: =((-5*(V21-BO$2))/(BO$1-BO$2))+6 -> 5.3491124 | BP23: =((5*(W21-BP$2))/(BP$1-BP$2))+1 -> 4.7272407 | BQ23: =((-5*(X21-BQ$2))/(BQ$1-BQ$2))+6 -> 5.742268 | BR23: =((5*(Y21-BR$2))/(BR$1-BR$2))+1 -> 5.9805574 | BS23: =((5*(Z21-BS$2))/(BS$1-BS$2))+1 -> 5.996869 | BT23: =((-5*(AA21-BT$2))/(BT$1-BT$2))+6 -> 4.84251 | BU23: =((-5*(AB21-BU$2))/(BU$1-BU$2))+6 -> 5.0480028 | BV23: =((5*(AC21-BV$2))/(BV$1-BV$2))+1 -> 4.3575064 | BX23: =AVERAGE(BK23:BV23) -> 5.0377123
A24: Austria | B24: =B23+1 -> 2012 | C24: 69.0271 | D24: 21.447748 | E24: 105.84079 | F24: 0.0017048863 | G24: 0.13003922 | H24: 1082.5479 | I24: 12.654876 | J24: 91.19095 | K24: 99.257171 | L24: 0.18516523 | M24: 34.4 | N24: 3.04 | O24: 6524.3249 | P24: 0.23850822 | Q24: 109.25036 | R24: 100 | S24: 99.999997 | T24: 57.67 | U24: 30.5 | V24: 3.3 | W24: 80.936585 | X24: 0.5 | Y24: 99.93 | Z24: 99.982308 | AA24: 0.97157001 | AB24: 11.919 | AC24: 11.752 | AE24: =AVERAGE(BJ26,BX26,BB26) -> 3.5379248 | AG24: 76.980003 | AH24: 0.42087026 | AI24: 21.46044 | AJ24: 36290.759 | AK24: 407.8979 | AL24: 24.912509 | AM24: 62515 | AN24: 93.753634 | AO24: 1.21 | AQ24: 0.96089553 | AR24: 19.07 | AU24: =((-5*(D22-AU$2))/(AU$1-$AU$2))+6 -> 5.0199788 | AV24: =((5*(E22-AV$2))/(AV$1-AV$2))+1 -> 2.0418683 | AW24: =((5*(F22-AW$2))/(AW$1-AW$2))+1 -> 1.8360357 | AX24: =((5*(G22-AX$2))/(AX$1-AX$2))+1 -> 1.8181319 | AY24: =((-5*(H22-AY$2))/(AY$1-AY$2))+6 -> 5.0103371 | AZ24: =((5*(I22-AZ$2))/(AZ$1-AZ$2))+1 -> 3.987857 | BA24: =((-5*(J22-BA$2))/(BA$1-BA$2))+6 -> 4.3352206 | BB24: =AVERAGE(AU24:BA24) -> 3.4356328 | BC24: =((-5*(K22-BC$2))/(BC$1-BC$2))+6 -> 1.05 | BD24: =((-5*(L22-BD$2))/(BD$1-BD$2))+6 -> 5.4050848 | BE24: =((5*(M22-BE$2))/(BE$1-BE$2))+1 -> 2.8337408 | BF24: =((5*(N22-BF$2))/(BF$1-BF$2))+1 -> 1.7799728 | BG24: =((5*(O22-BG$2))/(BG$1-BG$2))+1 -> 1.060656 | BH24: =((5*(P22-BH$2))/(BH$1-BH$2))+1 -> 1.056606 | BI24: =((5*(Q22-BI$2))/(BI$1-BI$2))+1 -> 1.3318499 | BJ24: =AVERAGE(BC24:BI24) -> 2.0739872 | BK24: =((5*(R22-BK$2))/(BK$1-BK$2))+1 -> 6 | BL24: =((5*(S22-BL$2))/(BL$1-BL$2))+1 -> 6 | BM24: =((5*(T22-BM$2))/(BM$1-BM$2))+1 -> 3.2709676 | BN24: =((-5*(U22-BN$2))/(BN$1-BN$2))+6 -> 3.2735127 | BO24: =((-5*(V22-BO$2))/(BO$1-BO$2))+6 -> 5.3786982 | BP24: =((5*(W22-BP$2))/(BP$1-BP$2))+1 -> 4.8021262 | BQ24: =((-5*(X22-BQ$2))/(BQ$1-BQ$2))+6 -> 5.7938144 | BR24: =((5*(Y22-BR$2))/(BR$1-BR$2))+1 -> 5.9805574 | BS24: =((5*(Z22-BS$2))/(BS$1-BS$2))+1 -> 5.9964311 | BT24: =((-5*(AA22-BT$2))/(BT$1-BT$2))+6 -> 4.7419838 | BU24: =((-5*(AB22-BU$2))/(BU$1-BU$2))+6 -> 5.0889286 | BV24: =((5*(AC22-BV$2))/(BV$1-BV$2))+1 -> 4.3835878 | BX24: =AVERAGE(BK24:BV24) -> 5.0592173
A25: Austria | B25: =B24+1 -> 2013 | C25: 69.6127 | D25: 21.317783 | E25: 104.98537 | F25: -0.0083690692 | G25: -0.029005634 | H25: 1045.9386 | I25: 12.117104 | J25: 88.438843 | K25: 97.410143 | L25: 0.18720548 | M25: 34.6 | N25: 3.08 | O25: 6485.9844 | P25: 0.21867537 | Q25: 110.23276 | R25: 100 | S25: 99.999998 | T25: 57.538 | U25: 30.8 | V25: 3.2 | W25: 81.136585 | X25: 0.3 | Y25: 99.93 | Z25: 99.980453 | AA25: 0.97297001 | AB25: 11.677 | AC25: 11.788 | AE25: =AVERAGE(BJ27,BX27,BB27) -> 3.5460168 | AG25: 77.309998 | AH25: 0.20424793 | AI25: 21.765268 | AJ25: 35999.222 | AK25: 427.0953 | AL25: 24.592892 | AM25: 62568 | AN25: 94.795705 | AO25: 1.21 | AQ25: 0.71937873 | AR25: 19.07 | AU25: =((-5*(D23-AU$2))/(AU$1-$AU$2))+6 -> 5.0642797 | AV25: =((5*(E23-AV$2))/(AV$1-AV$2))+1 -> 2.1242383 | AW25: =((5*(F23-AW$2))/(AW$1-AW$2))+1 -> 1.841727 | AX25: =((5*(G23-AX$2))/(AX$1-AX$2))+1 -> 1.8146925 | AY25: =((-5*(H23-AY$2))/(AY$1-AY$2))+6 -> 5.011694 | AZ25: =((5*(I23-AZ$2))/(AZ$1-AZ$2))+1 -> 4.0508081 | BA25: =((-5*(J23-BA$2))/(BA$1-BA$2))+6 -> 4.3369146 | BB25: =AVERAGE(AU25:BA25) -> 3.4634792 | BC25: =((-5*(K23-BC$2))/(BC$1-BC$2))+6 -> 1.0774229 | BD25: =((-5*(L23-BD$2))/(BD$1-BD$2))+6 -> 5.4423626 | BE25: =((5*(M23-BE$2))/(BE$1-BE$2))+1 -> 2.8643032 | BF25: =((5*(N23-BF$2))/(BF$1-BF$2))+1 -> 1.7152589 | BG25: =((5*(O23-BG$2))/(BG$1-BG$2))+1 -> 1.0604494 | BH25: =((5*(P23-BH$2))/(BH$1-BH$2))+1 -> 1.0640384 | BI25: =((5*(Q23-BI$2))/(BI$1-BI$2))+1 -> 1.3461553 | BJ25: =AVERAGE(BC25:BI25) -> 2.0814272 | BK25: =((5*(R23-BK$2))/(BK$1-BK$2))+1 -> 6 | BL25: =((5*(S23-BL$2))/(BL$1-BL$2))+1 -> 5.9999997 | BM25: =((5*(T23-BM$2))/(BM$1-BM$2))+1 -> 3.2954478 | BN25: =((-5*(U23-BN$2))/(BN$1-BN$2))+6 -> 3.2280424 | BO25: =((-5*(V23-BO$2))/(BO$1-BO$2))+6 -> 5.408284 | BP25: =((5*(W23-BP$2))/(BP$1-BP$2))+1 -> 4.9232644 | BQ25: =((-5*(X23-BQ$2))/(BQ$1-BQ$2))+6 -> 5.7938144 | BR25: =((5*(Y23-BR$2))/(BR$1-BR$2))+1 -> 5.9773169 | BS25: =((5*(Z23-BS$2))/(BS$1-BS$2))+1 -> 5.995997 | BT25: =((-5*(AA23-BT$2))/(BT$1-BT$2))+6 -> 4.7026979 | BU25: =((-5*(AB23-BU$2))/(BU$1-BU$2))+6 -> 5.1581877 | BV25: =((5*(AC23-BV$2))/(BV$1-BV$2))+1 -> 4.3810433 | BX25: =AVERAGE(BK25:BV25) -> 5.072008
A26: Austria | B26: =B25+1 -> 2014 | C26: 65.929 | D26: 21.246378 | E26: 104.49674 | F26: -0.00028580322 | G26: 0.50538887 | H26: 999.38837 | I26: 12.494228 | J26: 96.679692 | K26: 95.768355 | L26: 0.17596914 | M26: 35.7 | N26: 2.95 | O26: 6435.4913 | P26: 0.19184654 | Q26: 112.36123 | R26: 100 | S26: 100 | T26: 57.16 | U26: 30.5 | V26: 3.1 | W26: 81.490244 | X26: 0.2 | Y26: 99.93 | Z26: 99.978588 | AA26: 0.97232002 | AB26: 11.158 | AC26: 12.014 | AE26: =AVERAGE(BJ28,BX28,BB28) -> 3.5700119 | AG26: 78.43 | AH26: 1.0582602 | AI26: 21.922366 | AJ26: 36036.895 | AK26: 432.6374 | AL26: 27.20212 | AM26: 62801 | AN26: 89.394312 | AO26: 1.21 | AP26: 7.2 | AQ26: 0.49145423 | AR26: 19.07 | AU26: =((-5*(D24-AU$2))/(AU$1-$AU$2))+6 -> 5.0965812 | AV26: =((5*(E24-AV$2))/(AV$1-AV$2))+1 -> 2.125121 | AW26: =((5*(F24-AW$2))/(AW$1-AW$2))+1 -> 1.8282311 | AX26: =((5*(G24-AX$2))/(AX$1-AX$2))+1 -> 1.7356111 | AY26: =((-5*(H24-AY$2))/(AY$1-AY$2))+6 -> 5.0472587 | AZ26: =((5*(I24-AZ$2))/(AZ$1-AZ$2))+1 -> 3.9512305 | BA26: =((-5*(J24-BA$2))/(BA$1-BA$2))+6 -> 4.2357055 | BB26: =AVERAGE(AU26:BA26) -> 3.4313913 | BC26: =((-5*(K24-BC$2))/(BC$1-BC$2))+6 -> 1.0371415 | BD26: =((-5*(L24-BD$2))/(BD$1-BD$2))+6 -> 5.478026 | BE26: =((5*(M24-BE$2))/(BE$1-BE$2))+1 -> 3.0354523 | BF26: =((5*(N24-BF$2))/(BF$1-BF$2))+1 -> 1.7050409 | BG26: =((5*(O24-BG$2))/(BG$1-BG$2))+1 -> 1.060171 | BH26: =((5*(P24-BH$2))/(BH$1-BH$2))+1 -> 1.0624204 | BI26: =((5*(Q24-BI$2))/(BI$1-BI$2))+1 -> 1.3526219 | BJ26: =AVERAGE(BC26:BI26) -> 2.1044106 | BK26: =((5*(R24-BK$2))/(BK$1-BK$2))+1 -> 6 | BL26: =((5*(S24-BL$2))/(BL$1-BL$2))+1 -> 5.9999983 | BM26: =((5*(T24-BM$2))/(BM$1-BM$2))+1 -> 3.3082003 | BN26: =((-5*(U24-BN$2))/(BN$1-BN$2))+6 -> 3.2553246 | BO26: =((-5*(V24-BO$2))/(BO$1-BO$2))+6 -> 5.4674556 | BP26: =((5*(W24-BP$2))/(BP$1-BP$2))+1 -> 4.9093152 | BQ26: =((-5*(X24-BQ$2))/(BQ$1-BQ$2))+6 -> 5.742268 | BR26: =((5*(Y24-BR$2))/(BR$1-BR$2))+1 -> 5.9773169 | BS26: =((5*(Z24-BS$2))/(BS$1-BS$2))+1 -> 5.9955426 | BT26: =((-5*(AA24-BT$2))/(BT$1-BT$2))+6 -> 4.6596568 | BU26: =((-5*(AB24-BU$2))/(BU$1-BU$2))+6 -> 5.213469 | BV26: =((5*(AC24-BV$2))/(BV$1-BV$2))+1 -> 4.4071247 | BX26: =AVERAGE(BK26:BV26) -> 5.0779727
A27: Austria | B27: =B26+1 -> 2015 | C27: 67.3691 | D27: 21.274592 | E27: 103.11758 | F27: 0.0017425951 | G27: 0.32143845 | H27: 983.698 | I27: 12.323364 | J27: 95.691792 | K27: 93.785672 | L27: 0.17749912 | M27: 34.8 | N27: 2.99 | O27: 6363.7528 | P27: 0.13471108 | Q27: 115.16908 | R27: 100 | S27: 99.999999 | T27: 57.115 | U27: 30.5 | V27: 3.1 | W27: 81.190244 | X27: 0.6 | Y27: 99.93 | Z27: 99.976705 | AA27: 0.97283 | AB27: 11.101 | AC27: 12.077 | AE27: =AVERAGE(BJ29,BX29,BB29) -> 3.561068 | AF27: 506 | AG27: 79.010002 | AH27: 0.48914705 | AI27: 22.071707 | AJ27: 35811.686 | AK27: 439.2231 | AL27: 29.215446 | AM27: 63231 | AN27: 92.519776 | AO27: 1.58 | AP27: 7.119 | AQ27: 0.5091166 | AR27: 19.07 | AU27: =((-5*(D25-AU$2))/(AU$1-$AU$2))+6 -> 5.1163841 | AV27: =((5*(E25-AV$2))/(AV$1-AV$2))+1 -> 2.113627 | AW27: =((5*(F25-AW$2))/(AW$1-AW$2))+1 -> 1.8225912 | AX27: =((5*(G25-AX$2))/(AX$1-AX$2))+1 -> 1.6768844 | AY27: =((-5*(H25-AY$2))/(AY$1-AY$2))+6 -> 5.0794782 | AZ27: =((5*(I25-AZ$2))/(AZ$1-AZ$2))+1 -> 3.8851187 | BA27: =((-5*(J25-BA$2))/(BA$1-BA$2))+6 -> 4.2919878 | BB27: =AVERAGE(AU27:BA27) -> 3.4265816 | BC27: =((-5*(K25-BC$2))/(BC$1-BC$2))+6 -> 1.1294928 | BD27: =((-5*(L25-BD$2))/(BD$1-BD$2))+6 -> 5.4705353 | BE27: =((5*(M25-BE$2))/(BE$1-BE$2))+1 -> 3.0476773 | BF27: =((5*(N25-BF$2))/(BF$1-BF$2))+1 -> 1.7186649 | BG27: =((5*(O25-BG$2))/(BG$1-BG$2))+1 -> 1.059813 | BH27: =((5*(P25-BH$2))/(BH$1-BH$2))+1 -> 1.0572299 | BI27: =((5*(Q25-BI$2))/(BI$1-BI$2))+1 -> 1.3559559 | BJ27: =AVERAGE(BC27:BI27) -> 2.1199099 | BK27: =((5*(R25-BK$2))/(BK$1-BK$2))+1 -> 6 | BL27: =((5*(S25-BL$2))/(BL$1-BL$2))+1 -> 5.9999989 | BM27: =((5*(T25-BM$2))/(BM$1-BM$2))+1 -> 3.2931706 | BN27: =((-5*(U25-BN$2))/(BN$1-BN$2))+6 -> 3.2280424 | BO27: =((-5*(V25-BO$2))/(BO$1-BO$2))+6 -> 5.4970414 | BP27: =((5*(W25-BP$2))/(BP$1-BP$2))+1 -> 4.9695172 | BQ27: =((-5*(X25-BQ$2))/(BQ$1-BQ$2))+6 -> 5.8453608 | BR27: =((5*(Y25-BR$2))/(BR$1-BR$2))+1 -> 5.9773169 | BS27: =((5*(Z25-BS$2))/(BS$1-BS$2))+1 -> 5.9950752 | BT27: =((-5*(AA25-BT$2))/(BT$1-BT$2))+6 -> 4.6192156 | BU27: =((-5*(AB25-BU$2))/(BU$1-BU$2))+6 -> 5.243943 | BV27: =((5*(AC25-BV$2))/(BV$1-BV$2))+1 -> 4.4300254 | BX27: =AVERAGE(BK27:BV27) -> 5.091559
A28: Austria | B28: =B27+1 -> 2016 | C28: 67.7825 | D28: 21.399157 | E28: 101.57349 | F28: 0.010188773 | G28: 0.15065962 | H28: 1032.6985 | I28: 13.741241 | J28: 95.21178 | K28: 91.474465 | L28: 0.17488561 | M28: 34.6 | N28: 2.96 | O28: 6295.3062 | P28: 0.11104244 | Q28: 119.01185 | R28: 100 | S28: 100 | T28: 57.427 | U28: 30.8 | V28: 3 | W28: 81.641463 | X28: 0.6 | Y28: 99.93 | Z28: 99.974814 | AA28: 0.97198999 | AB28: 10.969 | AC28: 12.115 | AE28: =AVERAGE(BJ30,BX30,BB30) -> 3.5749172 | AG28: 79.370003 | AH28: 0.23384432 | AI28: 22.123237 | AJ28: 36760.942 | AK28: 438.7894 | AL28: 32.288681 | AM28: 63860 | AN28: 92.63186 | AO28: 1.58 | AP28: 7.006 | AQ28: 0.61809745 | AR28: 19.07 | AU28: =((-5*(D26-AU$2))/(AU$1-$AU$2))+6 -> 5.1272643 | AV28: =((5*(E26-AV$2))/(AV$1-AV$2))+1 -> 2.1070613 | AW28: =((5*(F26-AW$2))/(AW$1-AW$2))+1 -> 1.8271166 | AX28: =((5*(G26-AX$2))/(AX$1-AX$2))+1 -> 1.8742074 | AY28: =((-5*(H26-AY$2))/(AY$1-AY$2))+6 -> 5.1204467 | AZ28: =((5*(I26-AZ$2))/(AZ$1-AZ$2))+1 -> 3.931481 | BA28: =((-5*(J26-BA$2))/(BA$1-BA$2))+6 -> 4.1234573 | BB28: =AVERAGE(AU28:BA28) -> 3.4444335 | BC28: =((-5*(K26-BC$2))/(BC$1-BC$2))+6 -> 1.2115822 | BD28: =((-5*(L26-BD$2))/(BD$1-BD$2))+6 -> 5.5117887 | BE28: =((5*(M26-BE$2))/(BE$1-BE$2))+1 -> 3.1149144 | BF28: =((5*(N26-BF$2))/(BF$1-BF$2))+1 -> 1.6743869 | BG28: =((5*(O26-BG$2))/(BG$1-BG$2))+1 -> 1.0593416 | BH28: =((5*(P26-BH$2))/(BH$1-BH$2))+1 -> 1.0502085 | BI28: =((5*(Q26-BI$2))/(BI$1-BI$2))+1 -> 1.3631794 | BJ28: =AVERAGE(BC28:BI28) -> 2.1407717 | BK28: =((5*(R26-BK$2))/(BK$1-BK$2))+1 -> 6 | BL28: =((5*(S26-BL$2))/(BL$1-BL$2))+1 -> 6 | BM28: =((5*(T26-BM$2))/(BM$1-BM$2))+1 -> 3.2501309 | BN28: =((-5*(U26-BN$2))/(BN$1-BN$2))+6 -> 3.2553246 | BO28: =((-5*(V26-BO$2))/(BO$1-BO$2))+6 -> 5.5266272 | BP28: =((5*(W26-BP$2))/(BP$1-BP$2))+1 -> 5.075972 | BQ28: =((-5*(X26-BQ$2))/(BQ$1-BQ$2))+6 -> 5.8969072 | BR28: =((5*(Y26-BR$2))/(BR$1-BR$2))+1 -> 5.9773169 | BS28: =((5*(Z26-BS$2))/(BS$1-BS$2))+1 -> 5.9946054 | BT28: =((-5*(AA26-BT$2))/(BT$1-BT$2))+6 -> 4.6379917 | BU28: =((-5*(AB26-BU$2))/(BU$1-BU$2))+6 -> 5.3092983 | BV28: =((5*(AC26-BV$2))/(BV$1-BV$2))+1 -> 4.5737913 | BX28: =AVERAGE(BK28:BV28) -> 5.1248305
A29: Austria | B29: =B28+1 -> 2017 | C29: 70.1063 | D29: 21.523678 | E29: 105.55607 | F29: 0.015643071 | G29: 0.40446742 | H29: 921.24989 | I29: 12.833337 | J29: 89.908541 | K29: 85.015935 | L29: 0.17686249 | M29: 34 | N29: 2.95 | O29: 6251.7292 | P29: 0.121957 | Q29: 123.18711 | R29: 100 | S29: 100 | T29: 57.703 | U29: 29.7 | V29: 3 | W29: 81.643902 | X29: 0.3 | Y29: 99.93 | Z29: 99.972911 | AA29: 0.97172999 | AB29: 10.892 | AC29: 12.159 | AE29: =AVERAGE(BJ31,BX31,BB31) -> 3.6088146 | AG29: 79.660004 | AH29: 0.39594388 | AI29: 22.278522 | AJ29: 36608.68 | AK29: 446.8202 | AL29: 33.425434 | AM29: 63856 | AN29: 90.176468 | AO29: 1.58 | AP29: 7.1394 | AQ29: 0.79568095 | AR29: 19.07 | AU29: =((-5*(D27-AU$2))/(AU$1-$AU$2))+6 -> 5.1229652 | AV29: =((5*(E27-AV$2))/(AV$1-AV$2))+1 -> 2.08853 | AW29: =((5*(F27-AW$2))/(AW$1-AW$2))+1 -> 1.8282522 | AX29: =((5*(G27-AX$2))/(AX$1-AX$2))+1 -> 1.8062844 | AY29: =((-5*(H27-AY$2))/(AY$1-AY$2))+6 -> 5.1342557 | AZ29: =((5*(I27-AZ$2))/(AZ$1-AZ$2))+1 -> 3.9104755 | BA29: =((-5*(J27-BA$2))/(BA$1-BA$2))+6 -> 4.1436605 | BB29: =AVERAGE(AU29:BA29) -> 3.4334891 | BC29: =((-5*(K27-BC$2))/(BC$1-BC$2))+6 -> 1.3107164 | BD29: =((-5*(L27-BD$2))/(BD$1-BD$2))+6 -> 5.5061715 | BE29: =((5*(M27-BE$2))/(BE$1-BE$2))+1 -> 3.0599022 | BF29: =((5*(N27-BF$2))/(BF$1-BF$2))+1 -> 1.6880109 | BG29: =((5*(O27-BG$2))/(BG$1-BG$2))+1 -> 1.0586717 | BH29: =((5*(P27-BH$2))/(BH$1-BH$2))+1 -> 1.0352555 | BI29: =((5*(Q27-BI$2))/(BI$1-BI$2))+1 -> 1.3727084 | BJ29: =AVERAGE(BC29:BI29) -> 2.1473481 | BK29: =((5*(R27-BK$2))/(BK$1-BK$2))+1 -> 6 | BL29: =((5*(S27-BL$2))/(BL$1-BL$2))+1 -> 5.9999994 | BM29: =((5*(T27-BM$2))/(BM$1-BM$2))+1 -> 3.2450072 | BN29: =((-5*(U27-BN$2))/(BN$1-BN$2))+6 -> 3.2553246 | BO29: =((-5*(V27-BO$2))/(BO$1-BO$2))+6 -> 5.5266272 | BP29: =((5*(W27-BP$2))/(BP$1-BP$2))+1 -> 4.985669 | BQ29: =((-5*(X27-BQ$2))/(BQ$1-BQ$2))+6 -> 5.6907216 | BR29: =((5*(Y27-BR$2))/(BR$1-BR$2))+1 -> 5.9773169 | BS29: =((5*(Z27-BS$2))/(BS$1-BS$2))+1 -> 5.994131 | BT29: =((-5*(AA27-BT$2))/(BT$1-BT$2))+6 -> 4.6232601 | BU29: =((-5*(AB27-BU$2))/(BU$1-BU$2))+6 -> 5.3164761 | BV29: =((5*(AC27-BV$2))/(BV$1-BV$2))+1 -> 4.6138677 | BX29: =AVERAGE(BK29:BV29) -> 5.1023667
A30: Austria | B30: =B29+1 -> 2018 | C30: 67.1868 | D30: 21.599332 | E30: 108.37797 | F30: 0.019862627 | G30: 1.0861803 | H30: 989.07742 | I30: 13.076986 | J30: 84.663731 | K30: 85.051538 | L30: 0.16538862 | M30: 34.1 | N30: 2.8 | O30: 6221.3528 | P30: 0.14075507 | Q30: 127.7918 | R30: 100 | S30: 99.999999 | T30: 58.298 | U30: 30.8 | V30: 2.9 | W30: 81.692683 | X30: 0.5 | Y30: 99.94 | Z30: 99.972814 | AA30: 0.97408998 | AB30: 11.256 | AC30: 12.208 | AE30: =AVERAGE(BJ32,BX32,BB32) -> 3.6218635 | AF30: 495 | AG30: 80.070831 | AH30: 0.58317427 | AI30: 22.246086 | AJ30: 37157.244 | AK30: 444.5823 | AL30: 28.898745 | AM30: 64101 | AN30: 90.564838 | AO30: 1.58 | AP30: 7.246 | AQ30: 0.97279428 | AR30: 19.07 | AU30: =((-5*(D28-AU$2))/(AU$1-$AU$2))+6 -> 5.103985 | AV30: =((5*(E28-AV$2))/(AV$1-AV$2))+1 -> 2.0677825 | AW30: =((5*(F28-AW$2))/(AW$1-AW$2))+1 -> 1.8329809 | AX30: =((5*(G28-AX$2))/(AX$1-AX$2))+1 -> 1.743225 | AY30: =((-5*(H28-AY$2))/(AY$1-AY$2))+6 -> 5.0911307 | AZ30: =((5*(I28-AZ$2))/(AZ$1-AZ$2))+1 -> 4.0847845 | BA30: =((-5*(J28-BA$2))/(BA$1-BA$2))+6 -> 4.153477 | BB30: =AVERAGE(AU30:BA30) -> 3.4396237 | BC30: =((-5*(K28-BC$2))/(BC$1-BC$2))+6 -> 1.4262767 | BD30: =((-5*(L28-BD$2))/(BD$1-BD$2))+6 -> 5.5157669 | BE30: =((5*(M28-BE$2))/(BE$1-BE$2))+1 -> 3.0476773 | BF30: =((5*(N28-BF$2))/(BF$1-BF$2))+1 -> 1.6777929 | BG30: =((5*(O28-BG$2))/(BG$1-BG$2))+1 -> 1.0580327 | BH30: =((5*(P28-BH$2))/(BH$1-BH$2))+1 -> 1.0290611 | BI30: =((5*(Q28-BI$2))/(BI$1-BI$2))+1 -> 1.3857497 | BJ30: =AVERAGE(BC30:BI30) -> 2.1629082 | BK30: =((5*(R28-BK$2))/(BK$1-BK$2))+1 -> 6 | BL30: =((5*(S28-BL$2))/(BL$1-BL$2))+1 -> 6 | BM30: =((5*(T28-BM$2))/(BM$1-BM$2))+1 -> 3.280532 | BN30: =((-5*(U28-BN$2))/(BN$1-BN$2))+6 -> 3.2280424 | BO30: =((-5*(V28-BO$2))/(BO$1-BO$2))+6 -> 5.556213 | BP30: =((5*(W28-BP$2))/(BP$1-BP$2))+1 -> 5.1214907 | BQ30: =((-5*(X28-BQ$2))/(BQ$1-BQ$2))+6 -> 5.6907216 | BR30: =((5*(Y28-BR$2))/(BR$1-BR$2))+1 -> 5.9773169 | BS30: =((5*(Z28-BS$2))/(BS$1-BS$2))+1 -> 5.9936547 | BT30: =((-5*(AA28-BT$2))/(BT$1-BT$2))+6 -> 4.6475252 | BU30: =((-5*(AB28-BU$2))/(BU$1-BU$2))+6 -> 5.3330983 | BV30: =((5*(AC28-BV$2))/(BV$1-BV$2))+1 -> 4.6380407 | BX30: =AVERAGE(BK30:BV30) -> 5.1222196
A31: Austria | B31: =B30+1 -> 2019 | C31: 68.5332 | D31: 21.643946 | E31: 108.20728 | F31: 0.013035034 | G31: 1.7802547 | H31: 929.51814 | I31: 13.697415 | J31: 83.422538 | L31: 0.16579332 | M31: 34 | N31: 2.81 | O31: 6193.7495 | P31: 0.11002291 | Q31: 131.64499 | R31: 100 | S31: 99.999997 | T31: 58.514 | U31: 30.2 | V31: 2.9 | W31: 81.895122 | X31: 0.5 | Y31: 99.94 | Z31: 99.97271 | AA31: 0.98093998 | AB31: 11.03 | AC31: 12.257 | AE31: =AVERAGE(BJ33,BX33,BB33) -> 3.8433715 | AG31: 80.669998 | AH31: 0.4884298 | AI31: 22.50852 | AJ31: 37545.831 | AK31: 456.1203 | AL31: 25.13284 | AM31: 64623 | AN31: 95.564168 | AO31: 1.58 | AP31: 7.2942 | AQ31: 0.86712302 | AR31: 19.07 | AU31: =((-5*(D29-AU$2))/(AU$1-$AU$2))+6 -> 5.0850116 | AV31: =((5*(E29-AV$2))/(AV$1-AV$2))+1 -> 2.1212952 | AW31: =((5*(F29-AW$2))/(AW$1-AW$2))+1 -> 1.8360344 | AX31: =((5*(G29-AX$2))/(AX$1-AX$2))+1 -> 1.8369425 | AY31: =((-5*(H29-AY$2))/(AY$1-AY$2))+6 -> 5.1892157 | AZ31: =((5*(I29-AZ$2))/(AZ$1-AZ$2))+1 -> 3.9731699 | BA31: =((-5*(J29-BA$2))/(BA$1-BA$2))+6 -> 4.2619316 | BB31: =AVERAGE(AU31:BA31) -> 3.471943 | BC31: =((-5*(K29-BC$2))/(BC$1-BC$2))+6 -> 1.7492033 | BD31: =((-5*(L29-BD$2))/(BD$1-BD$2))+6 -> 5.5085089 | BE31: =((5*(M29-BE$2))/(BE$1-BE$2))+1 -> 3.0110024 | BF31: =((5*(N29-BF$2))/(BF$1-BF$2))+1 -> 1.6743869 | BG31: =((5*(O29-BG$2))/(BG$1-BG$2))+1 -> 1.0576258 | BH31: =((5*(P29-BH$2))/(BH$1-BH$2))+1 -> 1.0319176 | BI31: =((5*(Q29-BI$2))/(BI$1-BI$2))+1 -> 1.3999194 | BJ31: =AVERAGE(BC31:BI31) -> 2.204652 | BK31: =((5*(R29-BK$2))/(BK$1-BK$2))+1 -> 6 | BL31: =((5*(S29-BL$2))/(BL$1-BL$2))+1 -> 6 | BM31: =((5*(T29-BM$2))/(BM$1-BM$2))+1 -> 3.3119577 | BN31: =((-5*(U29-BN$2))/(BN$1-BN$2))+6 -> 3.328077 | BO31: =((-5*(V29-BO$2))/(BO$1-BO$2))+6 -> 5.556213 | BP31: =((5*(W29-BP$2))/(BP$1-BP$2))+1 -> 5.1222248 | BQ31: =((-5*(X29-BQ$2))/(BQ$1-BQ$2))+6 -> 5.8453608 | BR31: =((5*(Y29-BR$2))/(BR$1-BR$2))+1 -> 5.9773169 | BS31: =((5*(Z29-BS$2))/(BS$1-BS$2))+1 -> 5.9931751 | BT31: =((-5*(AA29-BT$2))/(BT$1-BT$2))+6 -> 4.6550356 | BU31: =((-5*(AB29-BU$2))/(BU$1-BU$2))+6 -> 5.3427945 | BV31: =((5*(AC29-BV$2))/(BV$1-BV$2))+1 -> 4.6660305 | BX31: =AVERAGE(BK31:BV31) -> 5.1498488
A32: Austria | B32: =B31+1 -> 2020 | C32: 62.5998 | D32: 21.664347 | E32: 99.948214 | F32: -0.067063938 | G32: -0.045381063 | H32: 953.29975 | I32: 12.989622 | J32: 100.05679 | L32: 0.16165308 | M32: 35.8 | N32: 2.84 | O32: 6168.0878 | P32: 0.070850499 | Q32: 123.32732 | R32: 100 | S32: 100 | T32: 57.651 | U32: 29.8 | V32: 2.8 | W32: 81.192683 | X32: 0.7 | Y32: 99.95 | Z32: 99.972606 | AA32: 0.98593998 | AB32: 10.526 | AC32: 12.306 | AE32: =AVERAGE(BJ34,BX34,BB34) -> 3.7760416 | AG32: 80.944023 | AH32: 0.096933061 | AI32: 25.413783 | AJ32: 34970.565 | AK32: 496.9725 | AL32: 24.532099 | AM32: 64648 | AN32: 92.339858 | AO32: 1.58 | AP32: 7.2678 | AQ32: 0.72969945 | AR32: 19.07 | AU32: =((-5*(D30-AU$2))/(AU$1-$AU$2))+6 -> 5.073484 | AV32: =((5*(E30-AV$2))/(AV$1-AV$2))+1 -> 2.1592123 | AW32: =((5*(F30-AW$2))/(AW$1-AW$2))+1 -> 1.8383968 | AX32: =((5*(G30-AX$2))/(AX$1-AX$2))+1 -> 2.0886623 | AY32: =((-5*(H30-AY$2))/(AY$1-AY$2))+6 -> 5.1295213 | AZ32: =((5*(I30-AZ$2))/(AZ$1-AZ$2))+1 -> 4.0031233 | BA32: =((-5*(J30-BA$2))/(BA$1-BA$2))+6 -> 4.3691912 | BB32: =AVERAGE(AU32:BA32) -> 3.5230844 | BC32: =((-5*(K30-BC$2))/(BC$1-BC$2))+6 -> 1.7474231 | BD32: =((-5*(L30-BD$2))/(BD$1-BD$2))+6 -> 5.5506343 | BE32: =((5*(M30-BE$2))/(BE$1-BE$2))+1 -> 3.0171149 | BF32: =((5*(N30-BF$2))/(BF$1-BF$2))+1 -> 1.623297 | BG32: =((5*(O30-BG$2))/(BG$1-BG$2))+1 -> 1.0573421 | BH32: =((5*(P30-BH$2))/(BH$1-BH$2))+1 -> 1.0368373 | BI32: =((5*(Q30-BI$2))/(BI$1-BI$2))+1 -> 1.4155465 | BJ32: =AVERAGE(BC32:BI32) -> 2.206885 | BK32: =((5*(R30-BK$2))/(BK$1-BK$2))+1 -> 6 | BL32: =((5*(S30-BL$2))/(BL$1-BL$2))+1 -> 5.9999996 | BM32: =((5*(T30-BM$2))/(BM$1-BM$2))+1 -> 3.3797053 | BN32: =((-5*(U30-BN$2))/(BN$1-BN$2))+6 -> 3.2280424 | BO32: =((-5*(V30-BO$2))/(BO$1-BO$2))+6 -> 5.5857988 | BP32: =((5*(W30-BP$2))/(BP$1-BP$2))+1 -> 5.1369083 | BQ32: =((-5*(X30-BQ$2))/(BQ$1-BQ$2))+6 -> 5.742268 | BR32: =((5*(Y30-BR$2))/(BR$1-BR$2))+1 -> 5.9805574 | BS32: =((5*(Z30-BS$2))/(BS$1-BS$2))+1 -> 5.9931508 | BT32: =((-5*(AA30-BT$2))/(BT$1-BT$2))+6 -> 4.5868634 | BU32: =((-5*(AB30-BU$2))/(BU$1-BU$2))+6 -> 5.2969576 | BV32: =((5*(AC30-BV$2))/(BV$1-BV$2))+1 -> 4.697201 | BX32: =AVERAGE(BK32:BV32) -> 5.1356211
A33: Austria | B33: =B32+1 -> 2021 | C33: 66.1753 | D33: 21.700558 | E33: 111.03227 | F33: 0.043397586 | G33: 0.11836293 | H33: 953.45882 | I33: 12.735257 | J33: 94.40789 | L33: 0.16306661 | M33: 36 | N33: 2.86 | O33: 6141.2736 | P33: 0.11785577 | Q33: 129.24127 | R33: 100 | S33: 100 | T33: 57.202 | U33: 30.7 | V33: 2.7 | W33: 81.190244 | X33: 0.4 | Y33: 99.95 | Z33: 99.97249 | AB33: 10.815 | AC33: 12.306 | AE33: =AVERAGE(BJ35,BX35,BB35) -> 4.5864074 | AF33: 490 | AG33: 81.454247 | AH33: 0.46437294 | AI33: 25.705158 | AJ33: 36093.588 | AK33: 526.3032 | AL33: 31.523942 | AM33: 65402.316 | AN33: 86.215856 | AO33: 1.58 | AP33: 7.163 | AQ33: 0.72852951 | AR33: 19.07 | AU33: =((-5*(D31-AU$2))/(AU$1-$AU$2))+6 -> 5.0666861 | AV33: =((5*(E31-AV$2))/(AV$1-AV$2))+1 -> 2.1569189 | AW33: =((5*(F31-AW$2))/(AW$1-AW$2))+1 -> 1.8345743 | AX33: =((5*(G31-AX$2))/(AX$1-AX$2))+1 -> 2.3449464 | AY33: =((-5*(H31-AY$2))/(AY$1-AY$2))+6 -> 5.1819389 | AZ33: =((5*(I31-AZ$2))/(AZ$1-AZ$2))+1 -> 4.0793967 | BA33: =((-5*(J31-BA$2))/(BA$1-BA$2))+6 -> 4.3945744 | BB33: =AVERAGE(AU33:BA33) -> 3.5798622 | BC33: =((-5*(K31-BC$2))/(BC$1-BC$2))+6 -> 6 | BD33: =((-5*(L31-BD$2))/(BD$1-BD$2))+6 -> 5.5491485 | BE33: =((5*(M31-BE$2))/(BE$1-BE$2))+1 -> 3.0110024 | BF33: =((5*(N31-BF$2))/(BF$1-BF$2))+1 -> 1.626703 | BG33: =((5*(O31-BG$2))/(BG$1-BG$2))+1 -> 1.0570844 | BH33: =((5*(P31-BH$2))/(BH$1-BH$2))+1 -> 1.0287943 | BI33: =((5*(Q31-BI$2))/(BI$1-BI$2))+1 -> 1.4286231 | BJ33: =AVERAGE(BC33:BI33) -> 2.8144794 | BK33: =((5*(R31-BK$2))/(BK$1-BK$2))+1 -> 6 | BL33: =((5*(S31-BL$2))/(BL$1-BL$2))+1 -> 5.9999982 | BM33: =((5*(T31-BM$2))/(BM$1-BM$2))+1 -> 3.4042994 | BN33: =((-5*(U31-BN$2))/(BN$1-BN$2))+6 -> 3.2826067 | BO33: =((-5*(V31-BO$2))/(BO$1-BO$2))+6 -> 5.5857988 | BP33: =((5*(W31-BP$2))/(BP$1-BP$2))+1 -> 5.1978445 | BQ33: =((-5*(X31-BQ$2))/(BQ$1-BQ$2))+6 -> 5.742268 | BR33: =((5*(Y31-BR$2))/(BR$1-BR$2))+1 -> 5.9805574 | BS33: =((5*(Z31-BS$2))/(BS$1-BS$2))+1 -> 5.9931245 | BT33: =((-5*(AA31-BT$2))/(BT$1-BT$2))+6 -> 4.3889893 | BU33: =((-5*(AB31-BU$2))/(BU$1-BU$2))+6 -> 5.3254168 | BV33: =((5*(AC31-BV$2))/(BV$1-BV$2))+1 -> 4.7283715 | BX33: =AVERAGE(BK33:BV33) -> 5.1357729
A34: Austria | B34: =B33+1 -> 2022 | C34: 61.2237 | D34: 21.781452 | E34: 124.38345 | F34: 0.04275933 | G34: 0.22919393 | H34: 950.54521 | J34: 74.918867 | L34: 0.14330175 | N34: 2.55 | R34: 100 | S34: 99.999999 | T34: 58.442 | U34: 28.5 | V34: 2.6 | W34: 81.092683 | Y34: 99.96 | Z34: 99.972367 | AB34: 10.637 | AC34: 12.306 | AE34: =AVERAGE(BJ36,BX36,BB36) -> 4.4253239 | AF34: 487 | AG34: 82.089333 | AH34: 0.54938793 | AI34: 24.066208 | AK34: 494.7112 | AL34: 25.240721 | AM34: 63801.62 | AP34: 7.0973 | AR34: 19.07 | AU34: =((-5*(D32-AU$2))/(AU$1-$AU$2))+6 -> 5.0635776 | AV34: =((5*(E32-AV$2))/(AV$1-AV$2))+1 -> 2.0459441 | AW34: =((5*(F32-AW$2))/(AW$1-AW$2))+1 -> 1.7897308 | AX34: =((5*(G32-AX$2))/(AX$1-AX$2))+1 -> 1.6708378 | AY34: =((-5*(H32-AY$2))/(AY$1-AY$2))+6 -> 5.1610089 | AZ34: =((5*(I32-AZ$2))/(AZ$1-AZ$2))+1 -> 3.992383 | BA34: =((-5*(J32-BA$2))/(BA$1-BA$2))+6 -> 4.0543936 | BB34: =AVERAGE(AU34:BA34) -> 3.3968394 | BC34: =((-5*(K32-BC$2))/(BC$1-BC$2))+6 -> 6 | BD34: =((-5*(L32-BD$2))/(BD$1-BD$2))+6 -> 5.5643491 | BE34: =((5*(M32-BE$2))/(BE$1-BE$2))+1 -> 3.1210269 | BF34: =((5*(N32-BF$2))/(BF$1-BF$2))+1 -> 1.636921 | BG34: =((5*(O32-BG$2))/(BG$1-BG$2))+1 -> 1.0568448 | BH34: =((5*(P32-BH$2))/(BH$1-BH$2))+1 -> 1.0185424 | BI34: =((5*(Q32-BI$2))/(BI$1-BI$2))+1 -> 1.4003953 | BJ34: =AVERAGE(BC34:BI34) -> 2.8282971 | BK34: =((5*(R32-BK$2))/(BK$1-BK$2))+1 -> 6 | BL34: =((5*(S32-BL$2))/(BL$1-BL$2))+1 -> 6 | BM34: =((5*(T32-BM$2))/(BM$1-BM$2))+1 -> 3.3060369 | BN34: =((-5*(U32-BN$2))/(BN$1-BN$2))+6 -> 3.3189829 | BO34: =((-5*(V32-BO$2))/(BO$1-BO$2))+6 -> 5.6153846 | BP34: =((5*(W32-BP$2))/(BP$1-BP$2))+1 -> 4.9864031 | BQ34: =((-5*(X32-BQ$2))/(BQ$1-BQ$2))+6 -> 5.6391753 | BR34: =((5*(Y32-BR$2))/(BR$1-BR$2))+1 -> 5.9837978 | BS34: =((5*(Z32-BS$2))/(BS$1-BS$2))+1 -> 5.9930983 | BT34: =((-5*(AA32-BT$2))/(BT$1-BT$2))+6 -> 4.244556 | BU34: =((-5*(AB32-BU$2))/(BU$1-BU$2))+6 -> 5.3888833 | BV34: =((5*(AC32-BV$2))/(BV$1-BV$2))+1 -> 4.759542 | BX34: =AVERAGE(BK34:BV34) -> 5.1029884
A35: Austria | B35: =B34+1 -> 2023 | C35: 58.8151 | D35: 21.824984 | E35: 116.81392 | F35: -0.019301455 | G35: 0.054946602 | L35: 0.13899144 | R35: 100 | T35: 58.365 | Y35: 99.96 | AB35: 10.318 | AE35: =AVERAGE(BJ37,BX37,BB37) -> 1.5457387 | AG35: 82.559296 | AI35: 24.066208 | AP35: 6.9047 | AU35: =((-5*(D33-AU$2))/(AU$1-$AU$2))+6 -> 5.05806 | AV35: =((5*(E33-AV$2))/(AV$1-AV$2))+1 -> 2.1948774 | AW35: =((5*(F33-AW$2))/(AW$1-AW$2))+1 -> 1.8515728 | AX35: =((5*(G33-AX$2))/(AX$1-AX$2))+1 -> 1.7312996 | AY35: =((-5*(H33-AY$2))/(AY$1-AY$2))+6 -> 5.1608689 | AZ35: =((5*(I33-AZ$2))/(AZ$1-AZ$2))+1 -> 3.9611123 | BA35: =((-5*(J33-BA$2))/(BA$1-BA$2))+6 -> 4.1699171 | BB35: =AVERAGE(AU35:BA35) -> 3.4468155 | BC35: =((-5*(K33-BC$2))/(BC$1-BC$2))+6 -> 6 | BD35: =((-5*(L33-BD$2))/(BD$1-BD$2))+6 -> 5.5591594 | BE35: =((5*(M33-BE$2))/(BE$1-BE$2))+1 -> 3.1332518 | BF35: =((5*(N33-BF$2))/(BF$1-BF$2))+1 -> 1.643733 | BG35: =((5*(O33-BG$2))/(BG$1-BG$2))+1 -> 1.0565944 | BH35: =((5*(P33-BH$2))/(BH$1-BH$2))+1 -> 1.0308443 | BI35: =((5*(Q33-BI$2))/(BI$1-BI$2))+1 -> 1.4204656 | BJ35: =AVERAGE(BC35:BI35) -> 2.8348641 | BK35: =((5*(R33-BK$2))/(BK$1-BK$2))+1 -> 6 | BL35: =((5*(S33-BL$2))/(BL$1-BL$2))+1 -> 6 | BM35: =((5*(T33-BM$2))/(BM$1-BM$2))+1 -> 3.2549131 | BN35: =((-5*(U33-BN$2))/(BN$1-BN$2))+6 -> 3.2371365 | BO35: =((-5*(V33-BO$2))/(BO$1-BO$2))+6 -> 5.6449704 | BP35: =((5*(W33-BP$2))/(BP$1-BP$2))+1 -> 4.985669 | BQ35: =((-5*(X33-BQ$2))/(BQ$1-BQ$2))+6 -> 5.7938144 | BR35: =((5*(Y33-BR$2))/(BR$1-BR$2))+1 -> 5.9837978 | BS35: =((5*(Z33-BS$2))/(BS$1-BS$2))+1 -> 5.9930691 | BT35: =((-5*(AA33-BT$2))/(BT$1-BT$2))+6 -> 32.725108 | BU35: =((-5*(AB33-BU$2))/(BU$1-BU$2))+6 -> 5.3524908 | BV35: =((5*(AC33-BV$2))/(BV$1-BV$2))+1 -> 4.759542 | BX35: =AVERAGE(BK35:BV35) -> 7.4775426
A36: Austria | B36: =B35+1 -> 2024 | R36: 100 | Y36: 99.97 | AE36: =AVERAGE(BJ38,BX38,BB38) -> 1.5047857 | AU36: =((-5*(D34-AU$2))/(AU$1-$AU$2))+6 -> 5.0457341 | AV36: =((5*(E34-AV$2))/(AV$1-AV$2))+1 -> 2.3742735 | AW36: =((5*(F34-AW$2))/(AW$1-AW$2))+1 -> 1.8512155 | AX36: =((5*(G34-AX$2))/(AX$1-AX$2))+1 -> 1.7722235 | AY36: =((-5*(H34-AY$2))/(AY$1-AY$2))+6 -> 5.1634332 | AZ36: =((5*(I34-AZ$2))/(AZ$1-AZ$2))+1 -> 2.3954833 | BA36: =((-5*(J34-BA$2))/(BA$1-BA$2))+6 -> 4.5684797 | BB36: =AVERAGE(AU36:BA36) -> 3.3101204 | BC36: =((-5*(K34-BC$2))/(BC$1-BC$2))+6 -> 6 | BD36: =((-5*(L34-BD$2))/(BD$1-BD$2))+6 -> 5.6317247 | BE36: =((5*(M34-BE$2))/(BE$1-BE$2))+1 -> 0.93276284 | BF36: =((5*(N34-BF$2))/(BF$1-BF$2))+1 -> 1.5381471 | BG36: =((5*(O34-BG$2))/(BG$1-BG$2))+1 -> 0.99925274 | BH36: =((5*(P34-BH$2))/(BH$1-BH$2))+1 -> 1 | BI36: =((5*(Q34-BI$2))/(BI$1-BI$2))+1 -> 0.9818562 | BJ36: =AVERAGE(BC36:BI36) -> 2.4405348 | BK36: =((5*(R34-BK$2))/(BK$1-BK$2))+1 -> 6 | BL36: =((5*(S34-BL$2))/(BL$1-BL$2))+1 -> 5.9999997 | BM36: =((5*(T34-BM$2))/(BM$1-BM$2))+1 -> 3.3961014 | BN36: =((-5*(U34-BN$2))/(BN$1-BN$2))+6 -> 3.4372056 | BO36: =((-5*(V34-BO$2))/(BO$1-BO$2))+6 -> 5.6745562 | BP36: =((5*(W34-BP$2))/(BP$1-BP$2))+1 -> 4.9563021 | BQ36: =((-5*(X34-BQ$2))/(BQ$1-BQ$2))+6 -> 6 | BR36: =((5*(Y34-BR$2))/(BR$1-BR$2))+1 -> 5.9870382 | BS36: =((5*(Z34-BS$2))/(BS$1-BS$2))+1 -> 5.9930381 | BT36: =((-5*(AA34-BT$2))/(BT$1-BT$2))+6 -> 32.725108 | BU36: =((-5*(AB34-BU$2))/(BU$1-BU$2))+6 -> 5.3749056 | BV36: =((5*(AC34-BV$2))/(BV$1-BV$2))+1 -> 4.759542 | BX36: =AVERAGE(BK36:BV36) -> 7.5253164
A37: Austria | B37: =B36+1 -> 2025 | R37: 100 | AE37: =AVERAGE(BJ39,BX39,BB39) -> 0.60493335 | AU37: =((-5*(D35-AU$2))/(AU$1-$AU$2))+6 -> 5.039101 | AV37: =((5*(E35-AV$2))/(AV$1-AV$2))+1 -> 2.2725638 | AW37: =((5*(F35-AW$2))/(AW$1-AW$2))+1 -> 1.8164707 | AX37: =((5*(G35-AX$2))/(AX$1-AX$2))+1 -> 1.7078834 | AY37: =((-5*(H35-AY$2))/(AY$1-AY$2))+6 -> 6 | AZ37: =((5*(I35-AZ$2))/(AZ$1-AZ$2))+1 -> 2.3954833 | BA37: =((-5*(J35-BA$2))/(BA$1-BA$2))+6 -> 6.1006171 | BB37: =AVERAGE(AU37:BA37) -> 3.6188742 | BC37: =((-5*(K35-BC$2))/(BC$1-BC$2))+6 -> 6 | BD37: =((-5*(L35-BD$2))/(BD$1-BD$2))+6 -> 5.6475497 | BE37: =((5*(M35-BE$2))/(BE$1-BE$2))+1 -> 0.93276284 | BF37: =((5*(N35-BF$2))/(BF$1-BF$2))+1 -> 0.66961853 | BG37: =((5*(O35-BG$2))/(BG$1-BG$2))+1 -> 0.99925274 | BH37: =((5*(P35-BH$2))/(BH$1-BH$2))+1 -> 1 | BI37: =((5*(Q35-BI$2))/(BI$1-BI$2))+1 -> 0.9818562 | BJ37: =AVERAGE(BC37:BI37) -> 2.31872 | BK37: =((5*(R35-BK$2))/(BK$1-BK$2))+1 -> 6 | BL37: =((5*(S35-BL$2))/(BL$1-BL$2))+1 -> -45.87567 | BM37: =((5*(T35-BM$2))/(BM$1-BM$2))+1 -> 3.387334 | BN37: =((-5*(U35-BN$2))/(BN$1-BN$2))+6 -> 6.02901 | BO37: =((-5*(V35-BO$2))/(BO$1-BO$2))+6 -> 6.443787 | BP37: =((5*(W35-BP$2))/(BP$1-BP$2))+1 -> -19.453424 | BQ37: =((-5*(X35-BQ$2))/(BQ$1-BQ$2))+6 -> 6 | BR37: =((5*(Y35-BR$2))/(BR$1-BR$2))+1 -> 5.9870382 | BS37: =((5*(Z35-BS$2))/(BS$1-BS$2))+1 -> -19.194094 | BT37: =((-5*(AA35-BT$2))/(BT$1-BT$2))+6 -> 32.725108 | BU37: =((-5*(AB35-BU$2))/(BU$1-BU$2))+6 -> 5.4150758 | BV37: =((5*(AC35-BV$2))/(BV$1-BV$2))+1 -> -3.0687023 | BX37: =AVERAGE(BK37:BV37) -> -1.3003781
A38: Bélgica | B38: 2008 | C38: 114.3817 | D38: 25.57245 | E38: 161.08845 | F38: -0.0034347632 | G38: 1.3563435 | H38: 821.05925 | I38: 13.78675 | J38: 91.300884 | K38: 98.997882 | L38: 0.26447955 | M38: 4 | N38: 4.67 | O38: 1120.451 | P38: 0.018362627 | Q38: 70.562641 | R38: 100 | S38: 99.999995 | T38: 49.934 | U38: 28.4 | V38: 3.8 | W38: 79.680488 | X38: 0.1 | Y38: 98.03 | Z38: 99.485938 | AA38: 1.08786 | AB38: 13.936 | AC38: 11.182 | AE38: =AVERAGE(BJ40,BX40,BB40) -> 3.3364912 | AG38: 60.419998 | AI38: 22.441845 | AJ38: 33467.955 | AK38: 572.1365 | AL38: 47.551369 | AM38: 62715 | AN38: 91.906487 | AO38: 2.07 | AQ38: 1.9 | AR38: 2.43 | AU38: =((-5*(D36-AU$2))/(AU$1-$AU$2))+6 -> 8.3646123 | AV38: =((5*(E36-AV$2))/(AV$1-AV$2))+1 -> 0.70296827 | AW38: =((5*(F36-AW$2))/(AW$1-AW$2))+1 -> 1.8272767 | AX38: =((5*(G36-AX$2))/(AX$1-AX$2))+1 -> 1.6875946 | AY38: =((-5*(H36-AY$2))/(AY$1-AY$2))+6 -> 6 | AZ38: =((5*(I36-AZ$2))/(AZ$1-AZ$2))+1 -> 2.3954833 | BA38: =((-5*(J36-BA$2))/(BA$1-BA$2))+6 -> 6.1006171 | BB38: =AVERAGE(AU38:BA38) -> 3.8683646 | BC38: =((-5*(K36-BC$2))/(BC$1-BC$2))+6 -> 6 | BD38: =((-5*(L36-BD$2))/(BD$1-BD$2))+6 -> 6.1578467 | BE38: =((5*(M36-BE$2))/(BE$1-BE$2))+1 -> 0.93276284 | BF38: =((5*(N36-BF$2))/(BF$1-BF$2))+1 -> 0.66961853 | BG38: =((5*(O36-BG$2))/(BG$1-BG$2))+1 -> 0.99925274 | BH38: =((5*(P36-BH$2))/(BH$1-BH$2))+1 -> 1 | BI38: =((5*(Q36-BI$2))/(BI$1-BI$2))+1 -> 0.9818562 | BJ38: =AVERAGE(BC38:BI38) -> 2.3916196 | BK38: =((5*(R36-BK$2))/(BK$1-BK$2))+1 -> 6 | BL38: =((5*(S36-BL$2))/(BL$1-BL$2))+1 -> -45.87567 | BM38: =((5*(T36-BM$2))/(BM$1-BM$2))+1 -> -3.2581923 | BN38: =((-5*(U36-BN$2))/(BN$1-BN$2))+6 -> 6.02901 | BO38: =((-5*(V36-BO$2))/(BO$1-BO$2))+6 -> 6.443787 | BP38: =((5*(W36-BP$2))/(BP$1-BP$2))+1 -> -19.453424 | BQ38: =((-5*(X36-BQ$2))/(BQ$1-BQ$2))+6 -> 6 | BR38: =((5*(Y36-BR$2))/(BR$1-BR$2))+1 -> 5.9902787 | BS38: =((5*(Z36-BS$2))/(BS$1-BS$2))+1 -> -19.194094 | BT38: =((-5*(AA36-BT$2))/(BT$1-BT$2))+6 -> 32.725108 | BU38: =((-5*(AB36-BU$2))/(BU$1-BU$2))+6 -> 6.7143757 | BV38: =((5*(AC36-BV$2))/(BV$1-BV$2))+1 -> -3.0687023 | BX38: =AVERAGE(BK38:BV38) -> -1.745627
A39: Bélgica | B39: =B38+1 -> 2009 | C39: 107.4038 | D39: 25.589915 | E39: 135.13841 | F39: -0.026925346 | G39: 0.31467689 | H39: 804.89157 | I39: 11.024585 | J39: 95.594804 | K39: 99 | L39: 0.25317144 | M39: 4.9 | N39: 4.58 | O39: 1111.472 | P39: 0.017316827 | Q39: 70.68202 | R39: 100 | S39: 99.999999 | T39: 49.244 | U39: 28.6 | V39: 3.8 | W39: 80.034146 | X39: 0.1 | Y39: 98.11 | Z39: 99.486104 | AA39: 1.08961 | AB39: 13.444 | AC39: 11.317 | AE39: =AVERAGE(BJ41,BX41,BB41) -> 3.2879716 | AF39: 510 | AG39: 61.689999 | AI39: 22.5112 | AJ39: 32644.095 | AK39: 616.6934 | AL39: 44.194533 | AM39: 63590 | AO39: 2.07 | AQ39: 1.7 | AR39: 2.43 | AU39: =((-5*(D37-AU$2))/(AU$1-$AU$2))+6 -> 8.3646123 | AV39: =((5*(E37-AV$2))/(AV$1-AV$2))+1 -> 0.70296827 | AW39: =((5*(F37-AW$2))/(AW$1-AW$2))+1 -> 1.8272767 | AX39: =((5*(G37-AX$2))/(AX$1-AX$2))+1 -> 1.6875946 | AY39: =((-5*(H37-AY$2))/(AY$1-AY$2))+6 -> 6 | AZ39: =((5*(I37-AZ$2))/(AZ$1-AZ$2))+1 -> 2.3954833 | BA39: =((-5*(J37-BA$2))/(BA$1-BA$2))+6 -> 6.1006171 | BB39: =AVERAGE(AU39:BA39) -> 3.8683646 | BC39: =((-5*(K37-BC$2))/(BC$1-BC$2))+6 -> 6 | BD39: =((-5*(L37-BD$2))/(BD$1-BD$2))+6 -> 6.1578467 | BE39: =((5*(M37-BE$2))/(BE$1-BE$2))+1 -> 0.93276284 | BF39: =((5*(N37-BF$2))/(BF$1-BF$2))+1 -> 0.66961853 | BG39: =((5*(O37-BG$2))/(BG$1-BG$2))+1 -> 0.99925274 | BH39: =((5*(P37-BH$2))/(BH$1-BH$2))+1 -> 1 | BI39: =((5*(Q37-BI$2))/(BI$1-BI$2))+1 -> 0.9818562 | BJ39: =AVERAGE(BC39:BI39) -> 2.3916196 | BK39: =((5*(R37-BK$2))/(BK$1-BK$2))+1 -> 6 | BL39: =((5*(S37-BL$2))/(BL$1-BL$2))+1 -> -45.87567 | BM39: =((5*(T37-BM$2))/(BM$1-BM$2))+1 -> -3.2581923 | BN39: =((-5*(U37-BN$2))/(BN$1-BN$2))+6 -> 6.02901 | BO39: =((-5*(V37-BO$2))/(BO$1-BO$2))+6 -> 6.443787 | BP39: =((5*(W37-BP$2))/(BP$1-BP$2))+1 -> -19.453424 | BQ39: =((-5*(X37-BQ$2))/(BQ$1-BQ$2))+6 -> 6 | BR39: =((5*(Y37-BR$2))/(BR$1-BR$2))+1 -> -26.404407 | BS39: =((5*(Z37-BS$2))/(BS$1-BS$2))+1 -> -19.194094 | BT39: =((-5*(AA37-BT$2))/(BT$1-BT$2))+6 -> 32.725108 | BU39: =((-5*(AB37-BU$2))/(BU$1-BU$2))+6 -> 6.7143757 | BV39: =((5*(AC37-BV$2))/(BV$1-BV$2))+1 -> -3.0687023 | BX39: =AVERAGE(BK39:BV39) -> -4.4451841
A40: Bélgica | B40: =B39+1 -> 2010 | C40: 114.977 | D40: 25.689492 | E40: 150.16256 | F40: 0.017761833 | G40: 0.31581907 | H40: 769.03227 | I40: 11.344851 | J40: 93.180205 | K40: 99 | L40: 0.2638712 | M40: 6.2 | N40: 4.79 | O40: 1101.3634 | P40: 0.046971722 | Q40: 73.195285 | R40: 100 | S40: 99.999999 | T40: 49.586 | U40: 28.4 | V40: 3.7 | W40: 80.182927 | X40: 0.1 | Y40: 98.19 | Z40: 99.486122 | AA40: 1.08339 | AB40: 13.125 | AC40: 11.416 | AE40: =AVERAGE(BJ42,BX42,BB42) -> 3.3221224 | AG40: 61.73 | AH40: 1.2962254 | AI40: 23.095606 | AJ40: 32853.303 | AK40: 643.433 | AL40: 48.771365 | AM40: 63295 | AN40: 92.604879 | AO40: 2.07 | AQ40: 1.7 | AR40: 2.43 | AU40: =((-5*(D38-AU$2))/(AU$1-$AU$2))+6 -> 4.468093 | AV40: =((5*(E38-AV$2))/(AV$1-AV$2))+1 -> 2.8674681 | AW40: =((5*(F38-AW$2))/(AW$1-AW$2))+1 -> 1.8253537 | AX40: =((5*(G38-AX$2))/(AX$1-AX$2))+1 -> 2.1884189 | AY40: =((-5*(H38-AY$2))/(AY$1-AY$2))+6 -> 5.2773927 | AZ40: =((5*(I38-AZ$2))/(AZ$1-AZ$2))+1 -> 4.0903792 | BA40: =((-5*(J38-BA$2))/(BA$1-BA$2))+6 -> 4.2334573 | BB40: =AVERAGE(AU40:BA40) -> 3.5643661 | BC40: =((-5*(K38-BC$2))/(BC$1-BC$2))+6 -> 1.0501059 | BD40: =((-5*(L38-BD$2))/(BD$1-BD$2))+6 -> 5.1868292 | BE40: =((5*(M38-BE$2))/(BE$1-BE$2))+1 -> 1.1772616 | BF40: =((5*(N38-BF$2))/(BF$1-BF$2))+1 -> 2.260218 | BG40: =((5*(O38-BG$2))/(BG$1-BG$2))+1 -> 1.0097145 | BH40: =((5*(P38-BH$2))/(BH$1-BH$2))+1 -> 1.0048057 | BI40: =((5*(Q38-BI$2))/(BI$1-BI$2))+1 -> 1.2213264 | BJ40: =AVERAGE(BC40:BI40) -> 1.844323 | BK40: =((5*(R38-BK$2))/(BK$1-BK$2))+1 -> 6 | BL40: =((5*(S38-BL$2))/(BL$1-BL$2))+1 -> 5.9999977 | BM40: =((5*(T38-BM$2))/(BM$1-BM$2))+1 -> 2.4273677 | BN40: =((-5*(U38-BN$2))/(BN$1-BN$2))+6 -> 3.4462996 | BO40: =((-5*(V38-BO$2))/(BO$1-BO$2))+6 -> 5.3195266 | BP40: =((5*(W38-BP$2))/(BP$1-BP$2))+1 -> 4.531217 | BQ40: =((-5*(X38-BQ$2))/(BQ$1-BQ$2))+6 -> 5.9484536 | BR40: =((5*(Y38-BR$2))/(BR$1-BR$2))+1 -> 5.3616332 | BS40: =((5*(Z38-BS$2))/(BS$1-BS$2))+1 -> 5.8704868 | BT40: =((-5*(AA38-BT$2))/(BT$1-BT$2))+6 -> 1.3004233 | BU40: =((-5*(AB38-BU$2))/(BU$1-BU$2))+6 -> 4.9594772 | BV40: =((5*(AC38-BV$2))/(BV$1-BV$2))+1 -> 4.0445293 | BX40: =AVERAGE(BK40:BV40) -> 4.6007843
A41: Bélgica | B41: =B40+1 -> 2011 | C41: 104.5725 | D41: 25.812977 | E41: 160.76552 | F41: 0.0061361688 | G41: 0.21197628 | H41: 757.3183 | I41: 9.5505088 | J41: 94.869878 | K41: 99.495589 | L41: 0.23544613 | M41: 6.7 | N41: 4.39 | O41: 1087.1275 | P41: 0.065845607 | Q41: 87.395943 | R41: 100 | S41: 99.999996 | T41: 49.4 | U41: 28.1 | V41: 3.6 | W41: 80.585366 | X41: 0.1 | Y41: 98.26 | Z41: 99.486128 | AA41: 1.0819 | AB41: 12.717 | AC41: 11.47 | AE41: =AVERAGE(BJ43,BX43,BB43) -> 3.3240605 | AG41: 62.759998 | AH41: 0.96649388 | AI41: 23.83438 | AJ41: 31858.105 | AK41: 632.6112 | AL41: 48.313159 | AM41: 63944 | AN41: 93.610844 | AO41: 2.07 | AP41: 7.113178 | AQ41: 1.8 | AR41: 2.43 | AU41: =((-5*(D39-AU$2))/(AU$1-$AU$2))+6 -> 4.4654318 | AV41: =((5*(E39-AV$2))/(AV$1-AV$2))+1 -> 2.5187847 | AW41: =((5*(F39-AW$2))/(AW$1-AW$2))+1 -> 1.8122025 | AX41: =((5*(G39-AX$2))/(AX$1-AX$2))+1 -> 1.8037878 | AY41: =((-5*(H39-AY$2))/(AY$1-AY$2))+6 -> 5.2916217 | AZ41: =((5*(I39-AZ$2))/(AZ$1-AZ$2))+1 -> 3.7508081 | BA41: =((-5*(J39-BA$2))/(BA$1-BA$2))+6 -> 4.145644 | BB41: =AVERAGE(AU41:BA41) -> 3.3983258 | BC41: =((-5*(K39-BC$2))/(BC$1-BC$2))+6 -> 1.05 | BD41: =((-5*(L39-BD$2))/(BD$1-BD$2))+6 -> 5.2283461 | BE41: =((5*(M39-BE$2))/(BE$1-BE$2))+1 -> 1.2322738 | BF41: =((5*(N39-BF$2))/(BF$1-BF$2))+1 -> 2.229564 | BG41: =((5*(O39-BG$2))/(BG$1-BG$2))+1 -> 1.0096307 | BH41: =((5*(P39-BH$2))/(BH$1-BH$2))+1 -> 1.004532 | BI41: =((5*(Q39-BI$2))/(BI$1-BI$2))+1 -> 1.2217316 | BJ41: =AVERAGE(BC41:BI41) -> 1.8537255 | BK41: =((5*(R39-BK$2))/(BK$1-BK$2))+1 -> 6 | BL41: =((5*(S39-BL$2))/(BL$1-BL$2))+1 -> 5.9999994 | BM41: =((5*(T39-BM$2))/(BM$1-BM$2))+1 -> 2.3488033 | BN41: =((-5*(U39-BN$2))/(BN$1-BN$2))+6 -> 3.4281115 | BO41: =((-5*(V39-BO$2))/(BO$1-BO$2))+6 -> 5.3195266 | BP41: =((5*(W39-BP$2))/(BP$1-BP$2))+1 -> 4.6376718 | BQ41: =((-5*(X39-BQ$2))/(BQ$1-BQ$2))+6 -> 5.9484536 | BR41: =((5*(Y39-BR$2))/(BR$1-BR$2))+1 -> 5.3875567 | BS41: =((5*(Z39-BS$2))/(BS$1-BS$2))+1 -> 5.8705285 | BT41: =((-5*(AA39-BT$2))/(BT$1-BT$2))+6 -> 1.2498718 | BU41: =((-5*(AB39-BU$2))/(BU$1-BU$2))+6 -> 5.0214325 | BV41: =((5*(AC39-BV$2))/(BV$1-BV$2))+1 -> 4.1304071 | BX41: =AVERAGE(BK41:BV41) -> 4.6118636
A42: Bélgica | B42: =B41+1 -> 2012 | C42: 103.0863 | D42: 25.914856 | E42: 160.3833 | F42: -0.0040377506 | G42: -0.1275547 | H42: 734.71091 | I42: 10.469857 | J42: 103.55648 | K42: 99.354742 | L42: 0.23160013 | M42: 7.7 | N42: 4.17 | O42: 1080.4064 | P42: 0.063372612 | Q42: 83.982013 | R42: 100 | S42: 99.999999 | T42: 49.233 | U42: 27.5 | V42: 3.5 | W42: 80.385366 | X42: 0.1 | Y42: 98.32 | Z42: 99.48614 | AA42: 1.08252 | AB42: 12.671 | AC42: 11.5 | AE42: =AVERAGE(BJ44,BX44,BB44) -> 3.315341 | AF42: 507 | AG42: 63.209999 | AH42: 1.0948191 | AI42: 24.738842 | AJ42: 32602.207 | AK42: 642.4482 | AL42: 44.69055 | AM42: 64461 | AN42: 92.440102 | AO42: 2.07 | AQ42: 1.9 | AR42: 2.43 | AU42: =((-5*(D40-AU$2))/(AU$1-$AU$2))+6 -> 4.4502591 | AV42: =((5*(E40-AV$2))/(AV$1-AV$2))+1 -> 2.7206601 | AW42: =((5*(F40-AW$2))/(AW$1-AW$2))+1 -> 1.8372206 | AX42: =((5*(G40-AX$2))/(AX$1-AX$2))+1 -> 1.8042095 | AY42: =((-5*(H40-AY$2))/(AY$1-AY$2))+6 -> 5.3231812 | AZ42: =((5*(I40-AZ$2))/(AZ$1-AZ$2))+1 -> 3.7901805 | BA42: =((-5*(J40-BA$2))/(BA$1-BA$2))+6 -> 4.195024 | BB42: =AVERAGE(AU42:BA42) -> 3.4458193 | BC42: =((-5*(K40-BC$2))/(BC$1-BC$2))+6 -> 1.05 | BD42: =((-5*(L40-BD$2))/(BD$1-BD$2))+6 -> 5.1890627 | BE42: =((5*(M40-BE$2))/(BE$1-BE$2))+1 -> 1.3117359 | BF42: =((5*(N40-BF$2))/(BF$1-BF$2))+1 -> 2.3010899 | BG42: =((5*(O40-BG$2))/(BG$1-BG$2))+1 -> 1.0095363 | BH42: =((5*(P40-BH$2))/(BH$1-BH$2))+1 -> 1.0122931 | BI42: =((5*(Q40-BI$2))/(BI$1-BI$2))+1 -> 1.2302609 | BJ42: =AVERAGE(BC42:BI42) -> 1.871997 | BK42: =((5*(R40-BK$2))/(BK$1-BK$2))+1 -> 6 | BL42: =((5*(S40-BL$2))/(BL$1-BL$2))+1 -> 5.9999997 | BM42: =((5*(T40-BM$2))/(BM$1-BM$2))+1 -> 2.3877439 | BN42: =((-5*(U40-BN$2))/(BN$1-BN$2))+6 -> 3.4462996 | BO42: =((-5*(V40-BO$2))/(BO$1-BO$2))+6 -> 5.3491124 | BP42: =((5*(W40-BP$2))/(BP$1-BP$2))+1 -> 4.6824562 | BQ42: =((-5*(X40-BQ$2))/(BQ$1-BQ$2))+6 -> 5.9484536 | BR42: =((5*(Y40-BR$2))/(BR$1-BR$2))+1 -> 5.4134802 | BS42: =((5*(Z40-BS$2))/(BS$1-BS$2))+1 -> 5.8705332 | BT42: =((-5*(AA40-BT$2))/(BT$1-BT$2))+6 -> 1.4295466 | BU42: =((-5*(AB40-BU$2))/(BU$1-BU$2))+6 -> 5.0616028 | BV42: =((5*(AC40-BV$2))/(BV$1-BV$2))+1 -> 4.1933842 | BX42: =AVERAGE(BK42:BV42) -> 4.648551
A43: Bélgica | B43: =B42+1 -> 2013 | C43: 104.4225 | D43: 26.019688 | E43: 157.57362 | F43: -0.0016617313 | G43: -0.10612412 | H43: 737.76956 | I43: 10.032484 | J43: 101.11748 | K43: 98.42811 | L43: 0.23388761 | M43: 8.3 | N43: 4.33 | O43: 1075.326 | P43: 0.059122126 | Q43: 92.454843 | R43: 100 | S43: 99.999996 | T43: 49.047 | U43: 27.7 | V43: 3.5 | W43: 80.587805 | X43: 0.1 | Y43: 98.38 | Z43: 99.486146 | AA43: 1.08219 | AB43: 11.928 | AC43: 11.54 | AE43: =AVERAGE(BJ45,BX45,BB45) -> 3.325081 | AG43: 64.279999 | AH43: 0.79979682 | AI43: 24.801532 | AJ43: 32728.23 | AK43: 652.3704 | AL43: 46.045027 | AM43: 65099 | AN43: 90.624392 | AO43: 2.07 | AQ43: 1.8 | AR43: 2.43 | AU43: =((-5*(D41-AU$2))/(AU$1-$AU$2))+6 -> 4.4314436 | AV43: =((5*(E41-AV$2))/(AV$1-AV$2))+1 -> 2.863129 | AW43: =((5*(F41-AW$2))/(AW$1-AW$2))+1 -> 1.830712 | AX43: =((5*(G41-AX$2))/(AX$1-AX$2))+1 -> 1.765866 | AY43: =((-5*(H41-AY$2))/(AY$1-AY$2))+6 -> 5.3334905 | AZ43: =((5*(I41-AZ$2))/(AZ$1-AZ$2))+1 -> 3.5695902 | BA43: =((-5*(J41-BA$2))/(BA$1-BA$2))+6 -> 4.1604691 | BB43: =AVERAGE(AU43:BA43) -> 3.4221001 | BC43: =((-5*(K41-BC$2))/(BC$1-BC$2))+6 -> 1.0252206 | BD43: =((-5*(L41-BD$2))/(BD$1-BD$2))+6 -> 5.2934233 | BE43: =((5*(M41-BE$2))/(BE$1-BE$2))+1 -> 1.3422983 | BF43: =((5*(N41-BF$2))/(BF$1-BF$2))+1 -> 2.1648501 | BG43: =((5*(O41-BG$2))/(BG$1-BG$2))+1 -> 1.0094034 | BH43: =((5*(P41-BH$2))/(BH$1-BH$2))+1 -> 1.0172326 | BI43: =((5*(Q41-BI$2))/(BI$1-BI$2))+1 -> 1.278454 | BJ43: =AVERAGE(BC43:BI43) -> 1.8758403 | BK43: =((5*(R41-BK$2))/(BK$1-BK$2))+1 -> 6 | BL43: =((5*(S41-BL$2))/(BL$1-BL$2))+1 -> 5.9999978 | BM43: =((5*(T41-BM$2))/(BM$1-BM$2))+1 -> 2.3665657 | BN43: =((-5*(U41-BN$2))/(BN$1-BN$2))+6 -> 3.4735818 | BO43: =((-5*(V41-BO$2))/(BO$1-BO$2))+6 -> 5.3786982 | BP43: =((5*(W41-BP$2))/(BP$1-BP$2))+1 -> 4.8035945 | BQ43: =((-5*(X41-BQ$2))/(BQ$1-BQ$2))+6 -> 5.9484536 | BR43: =((5*(Y41-BR$2))/(BR$1-BR$2))+1 -> 5.4361633 | BS43: =((5*(Z41-BS$2))/(BS$1-BS$2))+1 -> 5.8705347 | BT43: =((-5*(AA41-BT$2))/(BT$1-BT$2))+6 -> 1.4725877 | BU43: =((-5*(AB41-BU$2))/(BU$1-BU$2))+6 -> 5.1129804 | BV43: =((5*(AC41-BV$2))/(BV$1-BV$2))+1 -> 4.2277354 | BX43: =AVERAGE(BK43:BV43) -> 4.6742411
A44: Bélgica | B44: =B43+1 -> 2014 | C44: 97.7245 | D44: 26.135414 | E44: 158.57161 | F44: 0.013147746 | G44: 0.67160822 | H44: 736.15203 | I44: 10.666632 | J44: 111.762 | K44: 96.802293 | L44: 0.21508783 | M44: 9.1 | N44: 4.02 | O44: 1070.5628 | P44: 0.068106556 | Q44: 99.724966 | R44: 100 | S44: 99.999999 | T44: 48.946 | U44: 28.1 | V44: 3.4 | W44: 81.287805 | X44: 0.1 | Y44: 98.44 | Z44: 99.486157 | AA44: 1.07985 | AB44: 11.181 | AC44: 11.64 | AE44: =AVERAGE(BJ46,BX46,BB46) -> 3.3502497 | AG44: 64.019997 | AH44: 0.51275385 | AI44: 24.101072 | AJ44: 33095.583 | AK44: 669.1803 | AL44: 49.935943 | AM44: 65461 | AN44: 94.305599 | AO44: 2.07 | AP44: 6.937 | AQ44: 1.8 | AR44: 2.43 | AU44: =((-5*(D42-AU$2))/(AU$1-$AU$2))+6 -> 4.41592 | AV44: =((5*(E42-AV$2))/(AV$1-AV$2))+1 -> 2.8579932 | AW44: =((5*(F42-AW$2))/(AW$1-AW$2))+1 -> 1.8250161 | AX44: =((5*(G42-AX$2))/(AX$1-AX$2))+1 -> 1.6404956 | AY44: =((-5*(H42-AY$2))/(AY$1-AY$2))+6 -> 5.3533871 | AZ44: =((5*(I42-AZ$2))/(AZ$1-AZ$2))+1 -> 3.6826118 | BA44: =((-5*(J42-BA$2))/(BA$1-BA$2))+6 -> 3.9828226 | BB44: =AVERAGE(AU44:BA44) -> 3.3940352 | BC44: =((-5*(K42-BC$2))/(BC$1-BC$2))+6 -> 1.0322629 | BD44: =((-5*(L42-BD$2))/(BD$1-BD$2))+6 -> 5.3075436 | BE44: =((5*(M42-BE$2))/(BE$1-BE$2))+1 -> 1.403423 | BF44: =((5*(N42-BF$2))/(BF$1-BF$2))+1 -> 2.0899183 | BG44: =((5*(O42-BG$2))/(BG$1-BG$2))+1 -> 1.0093406 | BH44: =((5*(P42-BH$2))/(BH$1-BH$2))+1 -> 1.0165854 | BI44: =((5*(Q42-BI$2))/(BI$1-BI$2))+1 -> 1.2668681 | BJ44: =AVERAGE(BC44:BI44) -> 1.8751345 | BK44: =((5*(R42-BK$2))/(BK$1-BK$2))+1 -> 6 | BL44: =((5*(S42-BL$2))/(BL$1-BL$2))+1 -> 5.9999994 | BM44: =((5*(T42-BM$2))/(BM$1-BM$2))+1 -> 2.3475508 | BN44: =((-5*(U42-BN$2))/(BN$1-BN$2))+6 -> 3.5281461 | BO44: =((-5*(V42-BO$2))/(BO$1-BO$2))+6 -> 5.408284 | BP44: =((5*(W42-BP$2))/(BP$1-BP$2))+1 -> 4.7433925 | BQ44: =((-5*(X42-BQ$2))/(BQ$1-BQ$2))+6 -> 5.9484536 | BR44: =((5*(Y42-BR$2))/(BR$1-BR$2))+1 -> 5.455606 | BS44: =((5*(Z42-BS$2))/(BS$1-BS$2))+1 -> 5.8705377 | BT44: =((-5*(AA42-BT$2))/(BT$1-BT$2))+6 -> 1.4546777 | BU44: =((-5*(AB42-BU$2))/(BU$1-BU$2))+6 -> 5.118773 | BV44: =((5*(AC42-BV$2))/(BV$1-BV$2))+1 -> 4.2468193 | BX44: =AVERAGE(BK44:BV44) -> 4.6768533
A45: Bélgica | B45: =B44+1 -> 2015 | C45: 102.3791 | D45: 26.206773 | E45: 155.06868 | F45: 0.0088787641 | G45: 0.62377621 | H45: 706.44773 | I45: 11.21636 | J45: 108.88565 | K45: 94.489152 | L45: 0.22205891 | M45: 9.4 | N45: 3.93 | O45: 1064.3775 | P45: 0.035251804 | Q45: 115.43434 | R45: 100 | S45: 99.999996 | T45: 48.788 | U45: 27.7 | V45: 3.4 | W45: 80.992683 | X45: 0.1 | Y45: 98.5 | Z45: 99.486163 | AA45: 1.08055 | AB45: 10.909 | AC45: 11.894 | AE45: =AVERAGE(BJ47,BX47,BB47) -> 3.3630899 | AF45: 505 | AG45: 66.209999 | AH45: 0.73073842 | AI45: 23.934765 | AJ45: 33799.74 | AK45: 682.4771 | AL45: 51.734707 | AM45: 65017 | AN45: 88.400245 | AO45: 2.04 | AP45: 6.929 | AQ45: 1.9 | AR45: 2.43 | AU45: =((-5*(D43-AU$2))/(AU$1-$AU$2))+6 -> 4.3999465 | AV45: =((5*(E43-AV$2))/(AV$1-AV$2))+1 -> 2.8202404 | AW45: =((5*(F43-AW$2))/(AW$1-AW$2))+1 -> 1.8263463 | AX45: =((5*(G43-AX$2))/(AX$1-AX$2))+1 -> 1.6484087 | AY45: =((-5*(H43-AY$2))/(AY$1-AY$2))+6 -> 5.3506952 | AZ45: =((5*(I43-AZ$2))/(AZ$1-AZ$2))+1 -> 3.6288427 | BA45: =((-5*(J43-BA$2))/(BA$1-BA$2))+6 -> 4.0327018 | BB45: =AVERAGE(AU45:BA45) -> 3.3867402 | BC45: =((-5*(K43-BC$2))/(BC$1-BC$2))+6 -> 1.0785945 | BD45: =((-5*(L43-BD$2))/(BD$1-BD$2))+6 -> 5.2991453 | BE45: =((5*(M43-BE$2))/(BE$1-BE$2))+1 -> 1.4400978 | BF45: =((5*(N43-BF$2))/(BF$1-BF$2))+1 -> 2.1444142 | BG45: =((5*(O43-BG$2))/(BG$1-BG$2))+1 -> 1.0092932 | BH45: =((5*(P43-BH$2))/(BH$1-BH$2))+1 -> 1.015473 | BI45: =((5*(Q43-BI$2))/(BI$1-BI$2))+1 -> 1.2956225 | BJ45: =AVERAGE(BC45:BI45) -> 1.8975201 | BK45: =((5*(R43-BK$2))/(BK$1-BK$2))+1 -> 6 | BL45: =((5*(S43-BL$2))/(BL$1-BL$2))+1 -> 5.9999977 | BM45: =((5*(T43-BM$2))/(BM$1-BM$2))+1 -> 2.3263726 | BN45: =((-5*(U43-BN$2))/(BN$1-BN$2))+6 -> 3.509958 | BO45: =((-5*(V43-BO$2))/(BO$1-BO$2))+6 -> 5.408284 | BP45: =((5*(W43-BP$2))/(BP$1-BP$2))+1 -> 4.8043287 | BQ45: =((-5*(X43-BQ$2))/(BQ$1-BQ$2))+6 -> 5.9484536 | BR45: =((5*(Y43-BR$2))/(BR$1-BR$2))+1 -> 5.4750486 | BS45: =((5*(Z43-BS$2))/(BS$1-BS$2))+1 -> 5.8705391 | BT45: =((-5*(AA43-BT$2))/(BT$1-BT$2))+6 -> 1.4642095 | BU45: =((-5*(AB43-BU$2))/(BU$1-BU$2))+6 -> 5.2123357 | BV45: =((5*(AC43-BV$2))/(BV$1-BV$2))+1 -> 4.2722646 | BX45: =AVERAGE(BK45:BV45) -> 4.6909827
A46: Bélgica | B46: =B45+1 -> 2016 | C46: 101.261 | D46: 26.264108 | E46: 159.0577 | F46: 0.0068245474 | G46: 0.63883766 | H46: 691.30333 | I46: 11.279642 | J46: 110.59825 | K46: 95.104345 | L46: 0.21704335 | M46: 9.2 | N46: 4.11 | O46: 1059.0021 | P46: 0.030378006 | Q46: 111.26708 | R46: 100 | S46: 100 | T46: 48.952 | U46: 27.6 | V46: 3.4 | W46: 81.439024 | X46: 0.1 | Y46: 98.56 | Z46: 99.486178 | AA46: 1.0696599 | AB46: 10.961 | AC46: 11.985 | AE46: =AVERAGE(BJ48,BX48,BB48) -> 3.3809944 | AG46: 67.080002 | AH46: 0.52370997 | AI46: 23.746279 | AJ46: 34204.551 | AK46: 683.4611 | AL46: 51.613686 | AM46: 65157 | AN46: 92.527925 | AO46: 2.04 | AP46: 6.891 | AQ46: 1.9 | AR46: 2.43 | AU46: =((-5*(D44-AU$2))/(AU$1-$AU$2))+6 -> 4.3823132 | AV46: =((5*(E44-AV$2))/(AV$1-AV$2))+1 -> 2.8336501 | AW46: =((5*(F44-AW$2))/(AW$1-AW$2))+1 -> 1.8346374 | AX46: =((5*(G44-AX$2))/(AX$1-AX$2))+1 -> 1.9355832 | AY46: =((-5*(H44-AY$2))/(AY$1-AY$2))+6 -> 5.3521188 | AZ46: =((5*(I44-AZ$2))/(AZ$1-AZ$2))+1 -> 3.7068025 | BA46: =((-5*(J44-BA$2))/(BA$1-BA$2))+6 -> 3.8150148 | BB46: =AVERAGE(AU46:BA46) -> 3.4085886 | BC46: =((-5*(K44-BC$2))/(BC$1-BC$2))+6 -> 1.1598854 | BD46: =((-5*(L44-BD$2))/(BD$1-BD$2))+6 -> 5.3681673 | BE46: =((5*(M44-BE$2))/(BE$1-BE$2))+1 -> 1.4889976 | BF46: =((5*(N44-BF$2))/(BF$1-BF$2))+1 -> 2.0388283 | BG46: =((5*(O44-BG$2))/(BG$1-BG$2))+1 -> 1.0092487 | BH46: =((5*(P44-BH$2))/(BH$1-BH$2))+1 -> 1.0178243 | BI46: =((5*(Q44-BI$2))/(BI$1-BI$2))+1 -> 1.3202954 | BJ46: =AVERAGE(BC46:BI46) -> 1.9147496 | BK46: =((5*(R44-BK$2))/(BK$1-BK$2))+1 -> 6 | BL46: =((5*(S44-BL$2))/(BL$1-BL$2))+1 -> 5.9999993 | BM46: =((5*(T44-BM$2))/(BM$1-BM$2))+1 -> 2.3148726 | BN46: =((-5*(U44-BN$2))/(BN$1-BN$2))+6 -> 3.4735818 | BO46: =((-5*(V44-BO$2))/(BO$1-BO$2))+6 -> 5.4378698 | BP46: =((5*(W44-BP$2))/(BP$1-BP$2))+1 -> 5.0150358 | BQ46: =((-5*(X44-BQ$2))/(BQ$1-BQ$2))+6 -> 5.9484536 | BR46: =((5*(Y44-BR$2))/(BR$1-BR$2))+1 -> 5.4944913 | BS46: =((5*(Z44-BS$2))/(BS$1-BS$2))+1 -> 5.8705419 | BT46: =((-5*(AA44-BT$2))/(BT$1-BT$2))+6 -> 1.5318066 | BU46: =((-5*(AB44-BU$2))/(BU$1-BU$2))+6 -> 5.3064021 | BV46: =((5*(AC44-BV$2))/(BV$1-BV$2))+1 -> 4.3358779 | BX46: =AVERAGE(BK46:BV46) -> 4.7274111
A47: Bélgica | B47: =B46+1 -> 2017 | C47: 99.7004 | D47: 26.337329 | E47: 166.90408 | F47: 0.010843116 | G47: 1.3378147 | H47: 697.83182 | I47: 11.71137 | J47: 104.24956 | K47: 91.789115 | L47: 0.21059322 | M47: 9.7 | N47: 4.02 | O47: 1054.9304 | P47: 0.037150201 | Q47: 107.79093 | R47: 100 | S47: 99.999998 | T47: 50.021 | U47: 27.4 | V47: 3.3 | W47: 81.492683 | X47: 0.1 | Y47: 98.61 | Z47: 99.48618 | AA47: 1.07024 | AB47: 10.976 | AC47: 12.237 | AE47: =AVERAGE(BJ49,BX49,BB49) -> 3.4243967 | AG47: 69.150002 | AH47: 0.61445129 | AI47: 23.848292 | AJ47: 34477.249 | AK47: 670.0365 | AL47: 48.794422 | AM47: 64700 | AN47: 92.00825 | AO47: 2.04 | AP47: 6.9269 | AQ47: 1.8 | AR47: 2.43 | AU47: =((-5*(D45-AU$2))/(AU$1-$AU$2))+6 -> 4.3714401 | AV47: =((5*(E45-AV$2))/(AV$1-AV$2))+1 -> 2.7865822 | AW47: =((5*(F45-AW$2))/(AW$1-AW$2))+1 -> 1.8322474 | AX47: =((5*(G45-AX$2))/(AX$1-AX$2))+1 -> 1.9179214 | AY47: =((-5*(H45-AY$2))/(AY$1-AY$2))+6 -> 5.3782613 | AZ47: =((5*(I45-AZ$2))/(AZ$1-AZ$2))+1 -> 3.7743843 | BA47: =((-5*(J45-BA$2))/(BA$1-BA$2))+6 -> 3.8738379 | BB47: =AVERAGE(AU47:BA47) -> 3.4192392 | BC47: =((-5*(K45-BC$2))/(BC$1-BC$2))+6 -> 1.2755424 | BD47: =((-5*(L45-BD$2))/(BD$1-BD$2))+6 -> 5.3425735 | BE47: =((5*(M45-BE$2))/(BE$1-BE$2))+1 -> 1.507335 | BF47: =((5*(N45-BF$2))/(BF$1-BF$2))+1 -> 2.0081744 | BG47: =((5*(O45-BG$2))/(BG$1-BG$2))+1 -> 1.0091909 | BH47: =((5*(P45-BH$2))/(BH$1-BH$2))+1 -> 1.0092258 | BI47: =((5*(Q45-BI$2))/(BI$1-BI$2))+1 -> 1.3736087 | BJ47: =AVERAGE(BC47:BI47) -> 1.9322358 | BK47: =((5*(R45-BK$2))/(BK$1-BK$2))+1 -> 6 | BL47: =((5*(S45-BL$2))/(BL$1-BL$2))+1 -> 5.9999981 | BM47: =((5*(T45-BM$2))/(BM$1-BM$2))+1 -> 2.2968825 | BN47: =((-5*(U45-BN$2))/(BN$1-BN$2))+6 -> 3.509958 | BO47: =((-5*(V45-BO$2))/(BO$1-BO$2))+6 -> 5.4378698 | BP47: =((5*(W45-BP$2))/(BP$1-BP$2))+1 -> 4.9262011 | BQ47: =((-5*(X45-BQ$2))/(BQ$1-BQ$2))+6 -> 5.9484536 | BR47: =((5*(Y45-BR$2))/(BR$1-BR$2))+1 -> 5.5139339 | BS47: =((5*(Z45-BS$2))/(BS$1-BS$2))+1 -> 5.8705433 | BT47: =((-5*(AA45-BT$2))/(BT$1-BT$2))+6 -> 1.511586 | BU47: =((-5*(AB45-BU$2))/(BU$1-BU$2))+6 -> 5.3406538 | BV47: =((5*(AC45-BV$2))/(BV$1-BV$2))+1 -> 4.4974555 | BX47: =AVERAGE(BK47:BV47) -> 4.7377946
A48: Bélgica | B48: =B47+1 -> 2018 | C48: 100.0981 | D48: 26.378223 | E48: 168.27769 | F48: 0.014152895 | G48: 3.5775837 | H48: 744.43863 | I48: 10.953536 | J48: 101.50649 | K48: 91.94854 | L48: 0.20753581 | M48: 10.7 | N48: 3.8 | O48: 1050.1394 | P48: 0.048448781 | Q48: 115.52509 | R48: 100 | S48: 100 | T48: 50.965 | U48: 27.2 | V48: 3.3 | W48: 81.595122 | X48: 0.1 | Y48: 98.66 | Z48: 99.486189 | AA48: 1.07337 | AB48: 10.023 | AC48: 12.306 | AE48: =AVERAGE(BJ50,BX50,BB50) -> 3.4684558 | AF48: 502 | AG48: 70.845695 | AH48: 0.42995433 | AI48: 23.90361 | AJ48: 34615.94 | AK48: 644.2545 | AL48: 48.677293 | AM48: 65083 | AN48: 92.107227 | AO48: 1.99 | AP48: 6.923 | AQ48: 1.8 | AR48: 2.43 | AU48: =((-5*(D46-AU$2))/(AU$1-$AU$2))+6 -> 4.3627039 | AV48: =((5*(E46-AV$2))/(AV$1-AV$2))+1 -> 2.8401815 | AW48: =((5*(F46-AW$2))/(AW$1-AW$2))+1 -> 1.8310974 | AX48: =((5*(G46-AX$2))/(AX$1-AX$2))+1 -> 1.9234828 | AY48: =((-5*(H46-AY$2))/(AY$1-AY$2))+6 -> 5.3915898 | AZ48: =((5*(I46-AZ$2))/(AZ$1-AZ$2))+1 -> 3.782164 | BA48: =((-5*(J46-BA$2))/(BA$1-BA$2))+6 -> 3.8388142 | BB48: =AVERAGE(AU48:BA48) -> 3.4242905 | BC48: =((-5*(K46-BC$2))/(BC$1-BC$2))+6 -> 1.2447827 | BD48: =((-5*(L46-BD$2))/(BD$1-BD$2))+6 -> 5.3609878 | BE48: =((5*(M46-BE$2))/(BE$1-BE$2))+1 -> 1.49511 | BF48: =((5*(N46-BF$2))/(BF$1-BF$2))+1 -> 2.0694823 | BG48: =((5*(O46-BG$2))/(BG$1-BG$2))+1 -> 1.0091408 | BH48: =((5*(P46-BH$2))/(BH$1-BH$2))+1 -> 1.0079503 | BI48: =((5*(Q46-BI$2))/(BI$1-BI$2))+1 -> 1.3594661 | BJ48: =AVERAGE(BC48:BI48) -> 1.9352743 | BK48: =((5*(R46-BK$2))/(BK$1-BK$2))+1 -> 6 | BL48: =((5*(S46-BL$2))/(BL$1-BL$2))+1 -> 6 | BM48: =((5*(T46-BM$2))/(BM$1-BM$2))+1 -> 2.3155558 | BN48: =((-5*(U46-BN$2))/(BN$1-BN$2))+6 -> 3.519052 | BO48: =((-5*(V46-BO$2))/(BO$1-BO$2))+6 -> 5.4378698 | BP48: =((5*(W46-BP$2))/(BP$1-BP$2))+1 -> 5.0605544 | BQ48: =((-5*(X46-BQ$2))/(BQ$1-BQ$2))+6 -> 5.9484536 | BR48: =((5*(Y46-BR$2))/(BR$1-BR$2))+1 -> 5.5333765 | BS48: =((5*(Z46-BS$2))/(BS$1-BS$2))+1 -> 5.8705472 | BT48: =((-5*(AA46-BT$2))/(BT$1-BT$2))+6 -> 1.8261624 | BU48: =((-5*(AB46-BU$2))/(BU$1-BU$2))+6 -> 5.3341057 | BV48: =((5*(AC46-BV$2))/(BV$1-BV$2))+1 -> 4.5553435 | BX48: =AVERAGE(BK48:BV48) -> 4.7834184
A49: Bélgica | B49: =B48+1 -> 2019 | C49: 99.8825 | D49: 26.359074 | E49: 165.46548 | F49: 0.018907193 | G49: 2.5107342 | H49: 715.89346 | I49: 11.482476 | J49: 103.20089 | L49: 0.20215049 | M49: 10.2 | N49: 3.83 | O49: 1044.4791 | P49: 0.04224278 | Q49: 117.67081 | R49: 100 | S49: 100 | T49: 51.475 | U49: 27.2 | V49: 3.3 | W49: 81.995122 | X49: 0.1 | Y49: 98.72 | Z49: 99.486199 | AA49: 1.0791301 | AB49: 9.811 | AC49: 12.376 | AE49: =AVERAGE(BJ51,BX51,BB51) -> 3.6728253 | AG49: 71.449997 | AH49: 0.32142387 | AI49: 23.745994 | AJ49: 35411.223 | AK49: 662.3634 | AL49: 43.51044 | AM49: 65700 | AN49: 87.983966 | AO49: 1.99 | AP49: 6.8635 | AQ49: 1.8 | AR49: 2.43 | AU49: =((-5*(D47-AU$2))/(AU$1-$AU$2))+6 -> 4.3515471 | AV49: =((5*(E47-AV$2))/(AV$1-AV$2))+1 -> 2.9456111 | AW49: =((5*(F47-AW$2))/(AW$1-AW$2))+1 -> 1.8333472 | AX49: =((5*(G47-AX$2))/(AX$1-AX$2))+1 -> 2.1815772 | AY49: =((-5*(H47-AY$2))/(AY$1-AY$2))+6 -> 5.3858441 | AZ49: =((5*(I47-AZ$2))/(AZ$1-AZ$2))+1 -> 3.8352391 | BA49: =((-5*(J47-BA$2))/(BA$1-BA$2))+6 -> 3.9686489 | BB49: =AVERAGE(AU49:BA49) -> 3.5002592 | BC49: =((-5*(K47-BC$2))/(BC$1-BC$2))+6 -> 1.4105443 | BD49: =((-5*(L47-BD$2))/(BD$1-BD$2))+6 -> 5.3846689 | BE49: =((5*(M47-BE$2))/(BE$1-BE$2))+1 -> 1.5256724 | BF49: =((5*(N47-BF$2))/(BF$1-BF$2))+1 -> 2.0388283 | BG49: =((5*(O47-BG$2))/(BG$1-BG$2))+1 -> 1.0091027 | BH49: =((5*(P47-BH$2))/(BH$1-BH$2))+1 -> 1.0097226 | BI49: =((5*(Q47-BI$2))/(BI$1-BI$2))+1 -> 1.347669 | BJ49: =AVERAGE(BC49:BI49) -> 1.9608869 | BK49: =((5*(R47-BK$2))/(BK$1-BK$2))+1 -> 6 | BL49: =((5*(S47-BL$2))/(BL$1-BL$2))+1 -> 5.9999992 | BM49: =((5*(T47-BM$2))/(BM$1-BM$2))+1 -> 2.4372737 | BN49: =((-5*(U47-BN$2))/(BN$1-BN$2))+6 -> 3.5372401 | BO49: =((-5*(V47-BO$2))/(BO$1-BO$2))+6 -> 5.4674556 | BP49: =((5*(W47-BP$2))/(BP$1-BP$2))+1 -> 5.0767062 | BQ49: =((-5*(X47-BQ$2))/(BQ$1-BQ$2))+6 -> 5.9484536 | BR49: =((5*(Y47-BR$2))/(BR$1-BR$2))+1 -> 5.5495787 | BS49: =((5*(Z47-BS$2))/(BS$1-BS$2))+1 -> 5.8705476 | BT49: =((-5*(AA47-BT$2))/(BT$1-BT$2))+6 -> 1.809406 | BU49: =((-5*(AB47-BU$2))/(BU$1-BU$2))+6 -> 5.3322168 | BV49: =((5*(AC47-BV$2))/(BV$1-BV$2))+1 -> 4.7156489 | BX49: =AVERAGE(BK49:BV49) -> 4.8120439
A50: Bélgica | B50: =B49+1 -> 2020 | C50: 92.267 | D50: 26.260619 | E50: 156.95012 | F50: -0.052024401 | G50: -0.0088583675 | H50: 773.11981 | I50: 10.431137 | J50: 118.44241 | L50: 0.1961385 | M50: 12.3 | N50: 3.71 | O50: 1039.9872 | P50: 0.028487638 | Q50: 111.39417 | R50: 100 | S50: 99.999996 | T50: 50.83 | U50: 26 | V50: 3.2 | W50: 80.695122 | X50: 0.1 | Y50: 98.77 | Z50: 99.486198 | AA50: 1.08149 | AB50: 9.645 | AC50: 12.529 | AE50: =AVERAGE(BJ52,BX52,BB52) -> 3.5953154 | AG50: 72.71418 | AH50: 0.83447648 | AI50: 25.477574 | AJ50: 32895.112 | AK50: 674.4391 | AL50: 41.639133 | AM50: 63677 | AN50: 89.778786 | AO50: 1.99 | AP50: 6.834 | AQ50: 1.8 | AR50: 2.43 | AU50: =((-5*(D48-AU$2))/(AU$1-$AU$2))+6 -> 4.345316 | AV50: =((5*(E48-AV$2))/(AV$1-AV$2))+1 -> 2.9640679 | AW50: =((5*(F48-AW$2))/(AW$1-AW$2))+1 -> 1.8352002 | AX50: =((5*(G48-AX$2))/(AX$1-AX$2))+1 -> 3.0086028 | AY50: =((-5*(H48-AY$2))/(AY$1-AY$2))+6 -> 5.3448258 | AZ50: =((5*(I48-AZ$2))/(AZ$1-AZ$2))+1 -> 3.7420735 | BA50: =((-5*(J48-BA$2))/(BA$1-BA$2))+6 -> 4.0247463 | BB50: =AVERAGE(AU50:BA50) -> 3.6092618 | BC50: =((-5*(K48-BC$2))/(BC$1-BC$2))+6 -> 1.402573 | BD50: =((-5*(L48-BD$2))/(BD$1-BD$2))+6 -> 5.395894 | BE50: =((5*(M48-BE$2))/(BE$1-BE$2))+1 -> 1.5867971 | BF50: =((5*(N48-BF$2))/(BF$1-BF$2))+1 -> 1.9638965 | BG50: =((5*(O48-BG$2))/(BG$1-BG$2))+1 -> 1.009058 | BH50: =((5*(P48-BH$2))/(BH$1-BH$2))+1 -> 1.0126796 | BI50: =((5*(Q48-BI$2))/(BI$1-BI$2))+1 -> 1.3739166 | BJ50: =AVERAGE(BC50:BI50) -> 1.963545 | BK50: =((5*(R48-BK$2))/(BK$1-BK$2))+1 -> 6 | BL50: =((5*(S48-BL$2))/(BL$1-BL$2))+1 -> 6 | BM50: =((5*(T48-BM$2))/(BM$1-BM$2))+1 -> 2.544759 | BN50: =((-5*(U48-BN$2))/(BN$1-BN$2))+6 -> 3.5554282 | BO50: =((-5*(V48-BO$2))/(BO$1-BO$2))+6 -> 5.4674556 | BP50: =((5*(W48-BP$2))/(BP$1-BP$2))+1 -> 5.1075414 | BQ50: =((-5*(X48-BQ$2))/(BQ$1-BQ$2))+6 -> 5.9484536 | BR50: =((5*(Y48-BR$2))/(BR$1-BR$2))+1 -> 5.5657809 | BS50: =((5*(Z48-BS$2))/(BS$1-BS$2))+1 -> 5.8705499 | BT50: =((-5*(AA48-BT$2))/(BT$1-BT$2))+6 -> 1.7189918 | BU50: =((-5*(AB48-BU$2))/(BU$1-BU$2))+6 -> 5.4522238 | BV50: =((5*(AC48-BV$2))/(BV$1-BV$2))+1 -> 4.759542 | BX50: =AVERAGE(BK50:BV50) -> 4.8325605
A51: Bélgica | B51: =B50+1 -> 2021 | C51: 96.251 | D51: 26.121849 | E51: 177.39031 | F51: 0.057663206 | G51: 0.25134831 | H51: 788.98852 | I51: 12.082006 | J51: 108.4453 | L51: 0.19265786 | M51: 11.7 | N51: 3.86 | O51: 1035.7153 | P51: 0.044891429 | Q51: 118.30346 | R51: 100 | S51: 100 | T51: 51.079 | U51: 26.6 | V51: 3.1 | W51: 81.790244 | X51: 0 | Y51: 98.81 | Z51: 99.486211 | AB51: 9.563 | AC51: 12.529 | AE51: =AVERAGE(BJ53,BX53,BB53) -> 4.5173752 | AF51: 499 | AG51: 74.247681 | AH51: 0.27961631 | AI51: 25.253941 | AJ51: 34705.065 | AK51: 684.8892 | AL51: 42.296179 | AM51: 65520.821 | AN51: 91.427573 | AO51: 1.99 | AP51: 6.805 | AQ51: 1.8 | AR51: 2.43 | AU51: =((-5*(D49-AU$2))/(AU$1-$AU$2))+6 -> 4.3482338 | AV51: =((5*(E49-AV$2))/(AV$1-AV$2))+1 -> 2.926281 | AW51: =((5*(F49-AW$2))/(AW$1-AW$2))+1 -> 1.8378619 | AX51: =((5*(G49-AX$2))/(AX$1-AX$2))+1 -> 2.6146729 | AY51: =((-5*(H49-AY$2))/(AY$1-AY$2))+6 -> 5.3699482 | AZ51: =((5*(I49-AZ$2))/(AZ$1-AZ$2))+1 -> 3.8070997 | BA51: =((-5*(J49-BA$2))/(BA$1-BA$2))+6 -> 3.9900948 | BB51: =AVERAGE(AU51:BA51) -> 3.5563132 | BC51: =((-5*(K49-BC$2))/(BC$1-BC$2))+6 -> 6 | BD51: =((-5*(L49-BD$2))/(BD$1-BD$2))+6 -> 5.4156658 | BE51: =((5*(M49-BE$2))/(BE$1-BE$2))+1 -> 1.5562347 | BF51: =((5*(N49-BF$2))/(BF$1-BF$2))+1 -> 1.9741144 | BG51: =((5*(O49-BG$2))/(BG$1-BG$2))+1 -> 1.0090052 | BH51: =((5*(P49-BH$2))/(BH$1-BH$2))+1 -> 1.0110554 | BI51: =((5*(Q49-BI$2))/(BI$1-BI$2))+1 -> 1.3811986 | BJ51: =AVERAGE(BC51:BI51) -> 2.6210392 | BK51: =((5*(R49-BK$2))/(BK$1-BK$2))+1 -> 6 | BL51: =((5*(S49-BL$2))/(BL$1-BL$2))+1 -> 6 | BM51: =((5*(T49-BM$2))/(BM$1-BM$2))+1 -> 2.6028283 | BN51: =((-5*(U49-BN$2))/(BN$1-BN$2))+6 -> 3.5554282 | BO51: =((-5*(V49-BO$2))/(BO$1-BO$2))+6 -> 5.4674556 | BP51: =((5*(W49-BP$2))/(BP$1-BP$2))+1 -> 5.2279455 | BQ51: =((-5*(X49-BQ$2))/(BQ$1-BQ$2))+6 -> 5.9484536 | BR51: =((5*(Y49-BR$2))/(BR$1-BR$2))+1 -> 5.5852236 | BS51: =((5*(Z49-BS$2))/(BS$1-BS$2))+1 -> 5.8705525 | BT51: =((-5*(AA49-BT$2))/(BT$1-BT$2))+6 -> 1.5526023 | BU51: =((-5*(AB49-BU$2))/(BU$1-BU$2))+6 -> 5.4789201 | BV51: =((5*(AC49-BV$2))/(BV$1-BV$2))+1 -> 4.8040712 | BX51: =AVERAGE(BK51:BV51) -> 4.8411234
A52: Bélgica | B52: =B51+1 -> 2022 | C52: 89.7393 | D52: 25.947984 | E52: 191.99629 | F52: 0.033944481 | G52: 0.35535856 | H52: 887.97288 | J52: 92.482537 | L52: 0.1723285 | N52: 3.4 | R52: 100 | S52: 100 | T52: 52.026 | U52: 25 | V52: 3.1 | W52: 81.697561 | X52: 0 | Y52: 98.86 | Z52: 99.486217 | AB52: 9.294 | AC52: 12.529 | AE52: =AVERAGE(BJ54,BX54,BB54) -> 4.4193988 | AF52: 489 | AG52: 75.12619 | AH52: 1.1511593 | AI52: 25.710334 | AK52: 622.8151 | AL52: 42.213724 | AM52: 64847.624 | AN52: 91.283278 | AO52: 1.99 | AP52: 6.8591 | AQ52: 1.8 | AR52: 2.43 | AU52: =((-5*(D50-AU$2))/(AU$1-$AU$2))+6 -> 4.3632355 | AV52: =((5*(E50-AV$2))/(AV$1-AV$2))+1 -> 2.8118626 | AW52: =((5*(F50-AW$2))/(AW$1-AW$2))+1 -> 1.7981507 | AX52: =((5*(G50-AX$2))/(AX$1-AX$2))+1 -> 1.6843237 | AY52: =((-5*(H50-AY$2))/(AY$1-AY$2))+6 -> 5.3195838 | AZ52: =((5*(I50-AZ$2))/(AZ$1-AZ$2))+1 -> 3.6778516 | BA52: =((-5*(J50-BA$2))/(BA$1-BA$2))+6 -> 3.6783962 | BB52: =AVERAGE(AU52:BA52) -> 3.3333435 | BC52: =((-5*(K50-BC$2))/(BC$1-BC$2))+6 -> 6 | BD52: =((-5*(L50-BD$2))/(BD$1-BD$2))+6 -> 5.4377384 | BE52: =((5*(M50-BE$2))/(BE$1-BE$2))+1 -> 1.6845966 | BF52: =((5*(N50-BF$2))/(BF$1-BF$2))+1 -> 1.9332425 | BG52: =((5*(O50-BG$2))/(BG$1-BG$2))+1 -> 1.0089632 | BH52: =((5*(P50-BH$2))/(BH$1-BH$2))+1 -> 1.0074556 | BI52: =((5*(Q50-BI$2))/(BI$1-BI$2))+1 -> 1.3598974 | BJ52: =AVERAGE(BC52:BI52) -> 2.6331277 | BK52: =((5*(R50-BK$2))/(BK$1-BK$2))+1 -> 6 | BL52: =((5*(S50-BL$2))/(BL$1-BL$2))+1 -> 5.9999981 | BM52: =((5*(T50-BM$2))/(BM$1-BM$2))+1 -> 2.5293877 | BN52: =((-5*(U50-BN$2))/(BN$1-BN$2))+6 -> 3.6645568 | BO52: =((-5*(V50-BO$2))/(BO$1-BO$2))+6 -> 5.4970414 | BP52: =((5*(W50-BP$2))/(BP$1-BP$2))+1 -> 4.8366322 | BQ52: =((-5*(X50-BQ$2))/(BQ$1-BQ$2))+6 -> 5.9484536 | BR52: =((5*(Y50-BR$2))/(BR$1-BR$2))+1 -> 5.6014258 | BS52: =((5*(Z50-BS$2))/(BS$1-BS$2))+1 -> 5.8705522 | BT52: =((-5*(AA50-BT$2))/(BT$1-BT$2))+6 -> 1.4844301 | BU52: =((-5*(AB50-BU$2))/(BU$1-BU$2))+6 -> 5.4998237 | BV52: =((5*(AC50-BV$2))/(BV$1-BV$2))+1 -> 4.9013995 | BX52: =AVERAGE(BK52:BV52) -> 4.8194751
A53: Bélgica | B53: =B52+1 -> 2023 | C53: 84.3061 | D53: 25.628894 | E53: 168.9276 | F53: 0.0033076154 | G53: 0.30002008 | L53: 0.15989361 | R53: 100 | T53: 51.946 | X53: 0 | Y53: 98.9 | AB53: 9.33 | AE53: =AVERAGE(BJ55,BX55,BB55) -> 1.526353 | AI53: 25.710334 | AP53: 6.8942 | AR53: 2.43 | AU53: =((-5*(D51-AU$2))/(AU$1-$AU$2))+6 -> 4.3843801 | AV53: =((5*(E51-AV$2))/(AV$1-AV$2))+1 -> 3.0865115 | AW53: =((5*(F51-AW$2))/(AW$1-AW$2))+1 -> 1.8595595 | AX53: =((5*(G51-AX$2))/(AX$1-AX$2))+1 -> 1.7804039 | AY53: =((-5*(H51-AY$2))/(AY$1-AY$2))+6 -> 5.3056178 | AZ53: =((5*(I51-AZ$2))/(AZ$1-AZ$2))+1 -> 3.8808039 | BA53: =((-5*(J51-BA$2))/(BA$1-BA$2))+6 -> 3.8828434 | BB53: =AVERAGE(AU53:BA53) -> 3.4543029 | BC53: =((-5*(K51-BC$2))/(BC$1-BC$2))+6 -> 6 | BD53: =((-5*(L51-BD$2))/(BD$1-BD$2))+6 -> 5.4505173 | BE53: =((5*(M51-BE$2))/(BE$1-BE$2))+1 -> 1.6479218 | BF53: =((5*(N51-BF$2))/(BF$1-BF$2))+1 -> 1.9843324 | BG53: =((5*(O51-BG$2))/(BG$1-BG$2))+1 -> 1.0089233 | BH53: =((5*(P51-BH$2))/(BH$1-BH$2))+1 -> 1.0117486 | BI53: =((5*(Q51-BI$2))/(BI$1-BI$2))+1 -> 1.3833457 | BJ53: =AVERAGE(BC53:BI53) -> 2.6409699 | BK53: =((5*(R51-BK$2))/(BK$1-BK$2))+1 -> 6 | BL53: =((5*(S51-BL$2))/(BL$1-BL$2))+1 -> 6 | BM53: =((5*(T51-BM$2))/(BM$1-BM$2))+1 -> 2.5577392 | BN53: =((-5*(U51-BN$2))/(BN$1-BN$2))+6 -> 3.6099925 | BO53: =((-5*(V51-BO$2))/(BO$1-BO$2))+6 -> 5.5266272 | BP53: =((5*(W51-BP$2))/(BP$1-BP$2))+1 -> 5.1662751 | BQ53: =((-5*(X51-BQ$2))/(BQ$1-BQ$2))+6 -> 6 | BR53: =((5*(Y51-BR$2))/(BR$1-BR$2))+1 -> 5.6143876 | BS53: =((5*(Z51-BS$2))/(BS$1-BS$2))+1 -> 5.8705555 | BT53: =((-5*(AA51-BT$2))/(BT$1-BT$2))+6 -> 32.725108 | BU53: =((-5*(AB51-BU$2))/(BU$1-BU$2))+6 -> 5.5101496 | BV53: =((5*(AC51-BV$2))/(BV$1-BV$2))+1 -> 4.9013995 | BX53: =AVERAGE(BK53:BV53) -> 7.4568528
A54: Bélgica | B54: =B53+1 -> 2024 | R54: 100 | X54: 0 | Y54: 98.95 | AE54: =AVERAGE(BJ56,BX56,BB56) -> 1.4956045 | AR54: 2.43 | AU54: =((-5*(D52-AU$2))/(AU$1-$AU$2))+6 -> 4.4108723 | AV54: =((5*(E52-AV$2))/(AV$1-AV$2))+1 -> 3.282768 | AW54: =((5*(F52-AW$2))/(AW$1-AW$2))+1 -> 1.8462805 | AX54: =((5*(G52-AX$2))/(AX$1-AX$2))+1 -> 1.8188093 | AY54: =((-5*(H52-AY$2))/(AY$1-AY$2))+6 -> 5.2185025 | AZ54: =((5*(I52-AZ$2))/(AZ$1-AZ$2))+1 -> 2.3954833 | BA54: =((-5*(J52-BA$2))/(BA$1-BA$2))+6 -> 4.2092918 | BB54: =AVERAGE(AU54:BA54) -> 3.3117154 | BC54: =((-5*(K52-BC$2))/(BC$1-BC$2))+6 -> 6 | BD54: =((-5*(L52-BD$2))/(BD$1-BD$2))+6 -> 5.5251551 | BE54: =((5*(M52-BE$2))/(BE$1-BE$2))+1 -> 0.93276284 | BF54: =((5*(N52-BF$2))/(BF$1-BF$2))+1 -> 1.8276567 | BG54: =((5*(O52-BG$2))/(BG$1-BG$2))+1 -> 0.99925274 | BH54: =((5*(P52-BH$2))/(BH$1-BH$2))+1 -> 1 | BI54: =((5*(Q52-BI$2))/(BI$1-BI$2))+1 -> 0.9818562 | BJ54: =AVERAGE(BC54:BI54) -> 2.4666691 | BK54: =((5*(R52-BK$2))/(BK$1-BK$2))+1 -> 6 | BL54: =((5*(S52-BL$2))/(BL$1-BL$2))+1 -> 6 | BM54: =((5*(T52-BM$2))/(BM$1-BM$2))+1 -> 2.665566 | BN54: =((-5*(U52-BN$2))/(BN$1-BN$2))+6 -> 3.7554974 | BO54: =((-5*(V52-BO$2))/(BO$1-BO$2))+6 -> 5.5266272 | BP54: =((5*(W52-BP$2))/(BP$1-BP$2))+1 -> 5.1383766 | BQ54: =((-5*(X52-BQ$2))/(BQ$1-BQ$2))+6 -> 6 | BR54: =((5*(Y52-BR$2))/(BR$1-BR$2))+1 -> 5.6305898 | BS54: =((5*(Z52-BS$2))/(BS$1-BS$2))+1 -> 5.870557 | BT54: =((-5*(AA52-BT$2))/(BT$1-BT$2))+6 -> 32.725108 | BU54: =((-5*(AB52-BU$2))/(BU$1-BU$2))+6 -> 5.5440236 | BV54: =((5*(AC52-BV$2))/(BV$1-BV$2))+1 -> 4.9013995 | BX54: =AVERAGE(BK54:BV54) -> 7.4798121
A55: Bélgica | B55: =B54+1 -> 2025 | R55: 100 | X55: 0 | AE55: =AVERAGE(BJ57,BX57,BB57) -> 0.60493335 | AR55: 2.43 | AU55: =((-5*(D53-AU$2))/(AU$1-$AU$2))+6 -> 4.4594925 | AV55: =((5*(E53-AV$2))/(AV$1-AV$2))+1 -> 2.9728006 | AW55: =((5*(F53-AW$2))/(AW$1-AW$2))+1 -> 1.8291284 | AX55: =((5*(G53-AX$2))/(AX$1-AX$2))+1 -> 1.7983758 | AY55: =((-5*(H53-AY$2))/(AY$1-AY$2))+6 -> 6 | AZ55: =((5*(I53-AZ$2))/(AZ$1-AZ$2))+1 -> 2.3954833 | BA55: =((-5*(J53-BA$2))/(BA$1-BA$2))+6 -> 6.1006171 | BB55: =AVERAGE(AU55:BA55) -> 3.6508425 | BC55: =((-5*(K53-BC$2))/(BC$1-BC$2))+6 -> 6 | BD55: =((-5*(L53-BD$2))/(BD$1-BD$2))+6 -> 5.5708089 | BE55: =((5*(M53-BE$2))/(BE$1-BE$2))+1 -> 0.93276284 | BF55: =((5*(N53-BF$2))/(BF$1-BF$2))+1 -> 0.66961853 | BG55: =((5*(O53-BG$2))/(BG$1-BG$2))+1 -> 0.99925274 | BH55: =((5*(P53-BH$2))/(BH$1-BH$2))+1 -> 1 | BI55: =((5*(Q53-BI$2))/(BI$1-BI$2))+1 -> 0.9818562 | BJ55: =AVERAGE(BC55:BI55) -> 2.307757 | BK55: =((5*(R53-BK$2))/(BK$1-BK$2))+1 -> 6 | BL55: =((5*(S53-BL$2))/(BL$1-BL$2))+1 -> -45.87567 | BM55: =((5*(T53-BM$2))/(BM$1-BM$2))+1 -> 2.6564571 | BN55: =((-5*(U53-BN$2))/(BN$1-BN$2))+6 -> 6.02901 | BO55: =((-5*(V53-BO$2))/(BO$1-BO$2))+6 -> 6.443787 | BP55: =((5*(W53-BP$2))/(BP$1-BP$2))+1 -> -19.453424 | BQ55: =((-5*(X53-BQ$2))/(BQ$1-BQ$2))+6 -> 6 | BR55: =((5*(Y53-BR$2))/(BR$1-BR$2))+1 -> 5.6435515 | BS55: =((5*(Z53-BS$2))/(BS$1-BS$2))+1 -> -19.194094 | BT55: =((-5*(AA53-BT$2))/(BT$1-BT$2))+6 -> 32.725108 | BU55: =((-5*(AB53-BU$2))/(BU$1-BU$2))+6 -> 5.5394903 | BV55: =((5*(AC53-BV$2))/(BV$1-BV$2))+1 -> -3.0687023 | BX55: =AVERAGE(BK55:BV55) -> -1.3795406
A56: Brasil | B56: 2008 | C56: 412.7003 | D56: 37.710891 | E56: 27.257569 | F56: 0.040922163 | G56: 3.0566022 | H56: 539.94243 | I56: 6.5435591 | K56: 89.784083 | L56: 0.26023012 | M56: 47 | N56: 3.87 | O56: 29737.25 | P56: 4.7760488 | Q56: 23.883754 | R56: 98.5 | S56: 95.964564 | T56: 62.406 | U56: 54 | V56: 18.4 | W56: 72.715 | X56: 5.9 | Y56: 88.42 | Z56: 80.154079 | AA56: 1.03873 | AB56: 22.702 | AC56: 6.671 | AE56: =AVERAGE(BJ58,BX58,BB58) -> 2.7606832 | AG56: 35.41 | AH56: 6.7 | AJ56: 6719.1932 | AN56: 90.015596 | AO56: 1.3 | AQ56: 26.020863 | AR56: 13.18 | AU56: =((-5*(D54-AU$2))/(AU$1-$AU$2))+6 -> 8.3646123 | AV56: =((5*(E54-AV$2))/(AV$1-AV$2))+1 -> 0.70296827 | AW56: =((5*(F54-AW$2))/(AW$1-AW$2))+1 -> 1.8272767 | AX56: =((5*(G54-AX$2))/(AX$1-AX$2))+1 -> 1.6875946 | AY56: =((-5*(H54-AY$2))/(AY$1-AY$2))+6 -> 6 | AZ56: =((5*(I54-AZ$2))/(AZ$1-AZ$2))+1 -> 2.3954833 | BA56: =((-5*(J54-BA$2))/(BA$1-BA$2))+6 -> 6.1006171 | BB56: =AVERAGE(AU56:BA56) -> 3.8683646 | BC56: =((-5*(K54-BC$2))/(BC$1-BC$2))+6 -> 6 | BD56: =((-5*(L54-BD$2))/(BD$1-BD$2))+6 -> 6.1578467 | BE56: =((5*(M54-BE$2))/(BE$1-BE$2))+1 -> 0.93276284 | BF56: =((5*(N54-BF$2))/(BF$1-BF$2))+1 -> 0.66961853 | BG56: =((5*(O54-BG$2))/(BG$1-BG$2))+1 -> 0.99925274 | BH56: =((5*(P54-BH$2))/(BH$1-BH$2))+1 -> 1 | BI56: =((5*(Q54-BI$2))/(BI$1-BI$2))+1 -> 0.9818562 | BJ56: =AVERAGE(BC56:BI56) -> 2.3916196 | BK56: =((5*(R54-BK$2))/(BK$1-BK$2))+1 -> 6 | BL56: =((5*(S54-BL$2))/(BL$1-BL$2))+1 -> -45.87567 | BM56: =((5*(T54-BM$2))/(BM$1-BM$2))+1 -> -3.2581923 | BN56: =((-5*(U54-BN$2))/(BN$1-BN$2))+6 -> 6.02901 | BO56: =((-5*(V54-BO$2))/(BO$1-BO$2))+6 -> 6.443787 | BP56: =((5*(W54-BP$2))/(BP$1-BP$2))+1 -> -19.453424 | BQ56: =((-5*(X54-BQ$2))/(BQ$1-BQ$2))+6 -> 6 | BR56: =((5*(Y54-BR$2))/(BR$1-BR$2))+1 -> 5.6597537 | BS56: =((5*(Z54-BS$2))/(BS$1-BS$2))+1 -> -19.194094 | BT56: =((-5*(AA54-BT$2))/(BT$1-BT$2))+6 -> 32.725108 | BU56: =((-5*(AB54-BU$2))/(BU$1-BU$2))+6 -> 6.7143757 | BV56: =((5*(AC54-BV$2))/(BV$1-BV$2))+1 -> -3.0687023 | BX56: =AVERAGE(BK56:BV56) -> -1.7731707
A57: Brasil | B57: =B56+1 -> 2009 | C57: 385.4613 | D57: 36.848563 | E57: 22.105976 | F57: -0.010163236 | G57: 1.1255699 | H57: 559.21867 | I57: 3.0529615 | K57: =(K56+K59)/2 -> 90.361103 | L57: 0.24336062 | M57: 48.9 | N57: 3.74 | O57: 29472.102 | P57: 2.3848739 | Q57: 22.439474 | R57: 98.9 | S57: 96.244799 | T57: 61.789 | U57: 53.7 | V57: 17.4 | W57: 72.948 | X57: 5.5 | Y57: 88.62 | Z57: 81.006527 | AA57: 1.04416 | AB57: 22.1 | AC57: 6.769 | AE57: =AVERAGE(BJ59,BX59,BB59) -> 2.722162 | AF57: 390 | AG57: 37.02 | AH57: 6.7 | AJ57: 6604.0975 | AK57: 201634.2 | AN57: 90.015596 | AO57: 1.3 | AQ57: 26.455711 | AR57: 13.18 | AU57: =((-5*(D55-AU$2))/(AU$1-$AU$2))+6 -> 8.3646123 | AV57: =((5*(E55-AV$2))/(AV$1-AV$2))+1 -> 0.70296827 | AW57: =((5*(F55-AW$2))/(AW$1-AW$2))+1 -> 1.8272767 | AX57: =((5*(G55-AX$2))/(AX$1-AX$2))+1 -> 1.6875946 | AY57: =((-5*(H55-AY$2))/(AY$1-AY$2))+6 -> 6 | AZ57: =((5*(I55-AZ$2))/(AZ$1-AZ$2))+1 -> 2.3954833 | BA57: =((-5*(J55-BA$2))/(BA$1-BA$2))+6 -> 6.1006171 | BB57: =AVERAGE(AU57:BA57) -> 3.8683646 | BC57: =((-5*(K55-BC$2))/(BC$1-BC$2))+6 -> 6 | BD57: =((-5*(L55-BD$2))/(BD$1-BD$2))+6 -> 6.1578467 | BE57: =((5*(M55-BE$2))/(BE$1-BE$2))+1 -> 0.93276284 | BF57: =((5*(N55-BF$2))/(BF$1-BF$2))+1 -> 0.66961853 | BG57: =((5*(O55-BG$2))/(BG$1-BG$2))+1 -> 0.99925274 | BH57: =((5*(P55-BH$2))/(BH$1-BH$2))+1 -> 1 | BI57: =((5*(Q55-BI$2))/(BI$1-BI$2))+1 -> 0.9818562 | BJ57: =AVERAGE(BC57:BI57) -> 2.3916196 | BK57: =((5*(R55-BK$2))/(BK$1-BK$2))+1 -> 6 | BL57: =((5*(S55-BL$2))/(BL$1-BL$2))+1 -> -45.87567 | BM57: =((5*(T55-BM$2))/(BM$1-BM$2))+1 -> -3.2581923 | BN57: =((-5*(U55-BN$2))/(BN$1-BN$2))+6 -> 6.02901 | BO57: =((-5*(V55-BO$2))/(BO$1-BO$2))+6 -> 6.443787 | BP57: =((5*(W55-BP$2))/(BP$1-BP$2))+1 -> -19.453424 | BQ57: =((-5*(X55-BQ$2))/(BQ$1-BQ$2))+6 -> 6 | BR57: =((5*(Y55-BR$2))/(BR$1-BR$2))+1 -> -26.404407 | BS57: =((5*(Z55-BS$2))/(BS$1-BS$2))+1 -> -19.194094 | BT57: =((-5*(AA55-BT$2))/(BT$1-BT$2))+6 -> 32.725108 | BU57: =((-5*(AB55-BU$2))/(BU$1-BU$2))+6 -> 6.7143757 | BV57: =((5*(AC55-BV$2))/(BV$1-BV$2))+1 -> -3.0687023 | BX57: =AVERAGE(BK57:BV57) -> -4.4451841
A58: Brasil | B58: =B57+1 -> 2010 | C58: 439.7694 | D58: 36.003824 | E58: 22.772178 | F58: 0.066278299 | G58: 1.2201985 | H58: 584.6825 | I58: 3.3480395 | J58: 61.31878 | K58: 90.65 | L58: 0.2582094 | M58: 46.8 | N58: 3.85 | O58: 29225.316 | P58: 3.6487128 | Q58: 22.778295 | R58: 98.6 | S58: 96.5188 | T58: =(T57+T59)/2 -> 61.2465 | V58: 16.6 | W58: 73.182 | Y58: 84.57 | Z58: 81.854207 | AB58: 22.641 | AC58: 6.878 | AE58: =AVERAGE(BJ60,BX60,BB60) -> 3.7032863 | AG58: 35.919998 | AH58: 6.7 | AJ58: 6968.8217 | AK58: 201269.97 | AN58: 90.015596 | AO58: 1.3 | AQ58: 26.630033 | AR58: 13.18 | AU58: =((-5*(D56-AU$2))/(AU$1-$AU$2))+6 -> 2.6185374 | AV58: =((5*(E56-AV$2))/(AV$1-AV$2))+1 -> 1.0692205 | AW58: =((5*(F56-AW$2))/(AW$1-AW$2))+1 -> 1.850187 | AX58: =((5*(G56-AX$2))/(AX$1-AX$2))+1 -> 2.8162325 | AY58: =((-5*(H56-AY$2))/(AY$1-AY$2))+6 -> 5.5248012 | AZ58: =((5*(I56-AZ$2))/(AZ$1-AZ$2))+1 -> 3.1999261 | BA58: =((-5*(J56-BA$2))/(BA$1-BA$2))+6 -> 6.1006171 | BB58: =AVERAGE(AU58:BA58) -> 3.3113602 | BC58: =((-5*(K56-BC$2))/(BC$1-BC$2))+6 -> 1.5107958 | BD58: =((-5*(L56-BD$2))/(BD$1-BD$2))+6 -> 5.2024307 | BE58: =((5*(M56-BE$2))/(BE$1-BE$2))+1 -> 3.8056235 | BF58: =((5*(N56-BF$2))/(BF$1-BF$2))+1 -> 1.9877384 | BG58: =((5*(O56-BG$2))/(BG$1-BG$2))+1 -> 1.2769125 | BH58: =((5*(P56-BH$2))/(BH$1-BH$2))+1 -> 2.2499487 | BI58: =((5*(Q56-BI$2))/(BI$1-BI$2))+1 -> 1.0629111 | BJ58: =AVERAGE(BC58:BI58) -> 2.4423372 | BK58: =((5*(R56-BK$2))/(BK$1-BK$2))+1 -> 4.0769231 | BL58: =((5*(S56-BL$2))/(BL$1-BL$2))+1 -> 3.9065905 | BM58: =((5*(T56-BM$2))/(BM$1-BM$2))+1 -> 3.8474484 | BN58: =((-5*(U56-BN$2))/(BN$1-BN$2))+6 -> 1.1182227 | BO58: =((-5*(V56-BO$2))/(BO$1-BO$2))+6 -> 1 | BP58: =((5*(W56-BP$2))/(BP$1-BP$2))+1 -> 2.4345339 | BQ58: =((-5*(X56-BQ$2))/(BQ$1-BQ$2))+6 -> 2.9587629 | BR58: =((5*(Y56-BR$2))/(BR$1-BR$2))+1 -> 2.2475697 | BS58: =((5*(Z56-BS$2))/(BS$1-BS$2))+1 -> 1 | BT58: =((-5*(AA56-BT$2))/(BT$1-BT$2))+6 -> 2.7196258 | BU58: =((-5*(AB56-BU$2))/(BU$1-BU$2))+6 -> 3.8556138 | BV58: =((5*(AC56-BV$2))/(BV$1-BV$2))+1 -> 1.1749364 | BX58: =AVERAGE(BK58:BV58) -> 2.5283523
A59: Brasil | B59: =B58+1 -> 2011 | C59: 463.5013 | D59: 35.171019 | E59: 23.934405 | F59: 0.031316985 | G59: 1.2439147 | H59: 637.36911 | I59: 2.4947442 | J59: 59.341658 | K59: 90.938123 | L59: 0.26174083 | M59: 45.2 | N59: 3.75 | O59: 28988.441 | P59: 4.3368664 | Q59: 24.487663 | R59: 99.3 | S59: 96.787975 | T59: 60.704 | U59: 52.9 | V59: 16 | W59: 73.343 | X59: 4.7 | Y59: 89.92 | Z59: 82.700576 | AA59: 1.02467 | AB59: 23.176 | AC59: 7.006 | AE59: =AVERAGE(BJ61,BX61,BB61) -> 2.7701508 | AG59: 39.349998 | AH59: 6.7 | AJ59: 7126.4708 | AK59: 207023.77 | AN59: 90.015596 | AO59: 1.3 | AP59: 6.697499 | AQ59: 26.355638 | AR59: 13.18 | AU59: =((-5*(D57-AU$2))/(AU$1-$AU$2))+6 -> 2.7499319 | AV59: =((5*(E57-AV$2))/(AV$1-AV$2))+1 -> 1 | AW59: =((5*(F57-AW$2))/(AW$1-AW$2))+1 -> 1.8215868 | AX59: =((5*(G57-AX$2))/(AX$1-AX$2))+1 -> 2.1032067 | AY59: =((-5*(H57-AY$2))/(AY$1-AY$2))+6 -> 5.5078364 | AZ59: =((5*(I57-AZ$2))/(AZ$1-AZ$2))+1 -> 2.770804 | BA59: =((-5*(J57-BA$2))/(BA$1-BA$2))+6 -> 6.1006171 | BB59: =AVERAGE(AU59:BA59) -> 3.150569 | BC59: =((-5*(K57-BC$2))/(BC$1-BC$2))+6 -> 1.4819448 | BD59: =((-5*(L57-BD$2))/(BD$1-BD$2))+6 -> 5.2643658 | BE59: =((5*(M57-BE$2))/(BE$1-BE$2))+1 -> 3.9217604 | BF59: =((5*(N57-BF$2))/(BF$1-BF$2))+1 -> 1.9434605 | BG59: =((5*(O57-BG$2))/(BG$1-BG$2))+1 -> 1.2744367 | BH59: =((5*(P57-BH$2))/(BH$1-BH$2))+1 -> 1.6241498 | BI59: =((5*(Q57-BI$2))/(BI$1-BI$2))+1 -> 1.0580096 | BJ59: =AVERAGE(BC59:BI59) -> 2.3668754 | BK59: =((5*(R57-BK$2))/(BK$1-BK$2))+1 -> 4.5897436 | BL59: =((5*(S57-BL$2))/(BL$1-BL$2))+1 -> 4.0519642 | BM59: =((5*(T57-BM$2))/(BM$1-BM$2))+1 -> 3.7771958 | BN59: =((-5*(U57-BN$2))/(BN$1-BN$2))+6 -> 1.1455048 | BO59: =((-5*(V57-BO$2))/(BO$1-BO$2))+6 -> 1.295858 | BP59: =((5*(W57-BP$2))/(BP$1-BP$2))+1 -> 2.5046693 | BQ59: =((-5*(X57-BQ$2))/(BQ$1-BQ$2))+6 -> 3.1649485 | BR59: =((5*(Y57-BR$2))/(BR$1-BR$2))+1 -> 2.3123785 | BS59: =((5*(Z57-BS$2))/(BS$1-BS$2))+1 -> 1.2147665 | BT59: =((-5*(AA57-BT$2))/(BT$1-BT$2))+6 -> 2.5627715 | BU59: =((-5*(AB57-BU$2))/(BU$1-BU$2))+6 -> 3.9314209 | BV59: =((5*(AC57-BV$2))/(BV$1-BV$2))+1 -> 1.2372774 | BX59: =AVERAGE(BK59:BV59) -> 2.6490416
A60: Brasil | B60: =B59+1 -> 2012 | C60: 497.7231 | D60: 34.351896 | E60: 25.114274 | F60: 0.010973329 | G60: 0.95726359 | H60: 652.93507 | I60: -0.52032284 | J60: 59.84949 | K60: 91.928375 | L60: 0.27576801 | M60: 43.5 | N60: 3.82 | O60: 28754.123 | P60: 3.855525 | Q60: 25.835223 | R60: 99.5 | S60: 97.050978 | T60: 59.162 | U60: 53.4 | V60: 15.4 | W60: 73.552 | X60: 4.1 | Y60: 91.57 | Z60: 83.542224 | AA60: 1.02224 | AB60: 23.557 | AC60: 7.216 | AE60: =AVERAGE(BJ62,BX62,BB62) -> 2.7830728 | AF60: 405 | AG60: 40.610001 | AH60: 6.7 | AI60: 17.96 | AJ60: 6986.7231 | AK60: 222773.2 | AN60: 90.015596 | AO60: 1.3 | AQ60: 28.197143 | AR60: 13.18 | AU60: =((-5*(D58-AU$2))/(AU$1-$AU$2))+6 -> 2.8786462 | AV60: =((5*(E58-AV$2))/(AV$1-AV$2))+1 -> 1.0089516 | AW60: =((5*(F58-AW$2))/(AW$1-AW$2))+1 -> 1.8643826 | AX60: =((5*(G58-AX$2))/(AX$1-AX$2))+1 -> 2.1381479 | AY60: =((-5*(H58-AY$2))/(AY$1-AY$2))+6 -> 5.4854259 | AZ60: =((5*(I58-AZ$2))/(AZ$1-AZ$2))+1 -> 2.8070799 | BA60: =((-5*(J58-BA$2))/(BA$1-BA$2))+6 -> 4.8466099 | BB60: =AVERAGE(AU60:BA60) -> 3.0041777 | BC60: =((-5*(K58-BC$2))/(BC$1-BC$2))+6 -> 1.4675 | BD60: =((-5*(L58-BD$2))/(BD$1-BD$2))+6 -> 5.2098496 | BE60: =((5*(M58-BE$2))/(BE$1-BE$2))+1 -> 3.7933985 | BF60: =((5*(N58-BF$2))/(BF$1-BF$2))+1 -> 1.9809264 | BG60: =((5*(O58-BG$2))/(BG$1-BG$2))+1 -> 1.2721325 | BH60: =((5*(P58-BH$2))/(BH$1-BH$2))+1 -> 1.9549115 | BI60: =((5*(Q58-BI$2))/(BI$1-BI$2))+1 -> 1.0591595 | BJ60: =AVERAGE(BC60:BI60) -> 2.3911254 | BK60: =((5*(R58-BK$2))/(BK$1-BK$2))+1 -> 4.2051282 | BL60: =((5*(S58-BL$2))/(BL$1-BL$2))+1 -> 4.1941042 | BM60: =((5*(T58-BM$2))/(BM$1-BM$2))+1 -> 3.715426 | BN60: =((-5*(U58-BN$2))/(BN$1-BN$2))+6 -> 6.02901 | BO60: =((-5*(V58-BO$2))/(BO$1-BO$2))+6 -> 1.5325444 | BP60: =((5*(W58-BP$2))/(BP$1-BP$2))+1 -> 2.5751057 | BQ60: =((-5*(X58-BQ$2))/(BQ$1-BQ$2))+6 -> 6 | BR60: =((5*(Y58-BR$2))/(BR$1-BR$2))+1 -> 1 | BS60: =((5*(Z58-BS$2))/(BS$1-BS$2))+1 -> 1.4283319 | BT60: =((-5*(AA58-BT$2))/(BT$1-BT$2))+6 -> 32.725108 | BU60: =((-5*(AB58-BU$2))/(BU$1-BU$2))+6 -> 3.8632952 | BV60: =((5*(AC58-BV$2))/(BV$1-BV$2))+1 -> 1.3066158 | BX60: =AVERAGE(BK60:BV60) -> 5.7145558
A61: Brasil | B61: =B60+1 -> 2013 | C61: 523.208 | D61: 33.549001 | E61: 25.785957 | F61: 0.021733308 | G61: 0.85178132 | H61: 720.66831 | I61: 0.10215441 | J61: 57.228409 | K61: 86.82923 | L61: 0.28143163 | M61: 42.3 | N61: 3.88 | O61: 28522.01 | P61: 3.7868603 | Q61: 27.580805 | R61: 99.6 | S61: 97.307672 | T61: 59.217 | U61: 52.7 | V61: 14.9 | W61: 73.918 | X61: 3.4 | Y61: 91.48 | Z61: 84.378514 | AA61: 1.01665 | AB61: 23.467 | AC61: 7.287 | AE61: =AVERAGE(BJ63,BX63,BB63) -> 2.8365647 | AG61: 41.799999 | AH61: 6.7 | AI61: 18.67 | AJ61: 7230.9479 | AK61: 228318.27 | AL61: 3.02 | AM61: 10905 | AN61: 90.015596 | AO61: 1.3 | AQ61: 28.179904 | AR61: 13.18 | AU61: =((-5*(D59-AU$2))/(AU$1-$AU$2))+6 -> 3.0055422 | AV61: =((5*(E59-AV$2))/(AV$1-AV$2))+1 -> 1.0245681 | AW61: =((5*(F59-AW$2))/(AW$1-AW$2))+1 -> 1.8448095 | AX61: =((5*(G59-AX$2))/(AX$1-AX$2))+1 -> 2.146905 | AY61: =((-5*(H59-AY$2))/(AY$1-AY$2))+6 -> 5.4390568 | AZ61: =((5*(I59-AZ$2))/(AZ$1-AZ$2))+1 -> 2.7021787 | BA61: =((-5*(J59-BA$2))/(BA$1-BA$2))+6 -> 4.8870433 | BB61: =AVERAGE(AU61:BA61) -> 3.0071576 | BC61: =((-5*(K59-BC$2))/(BC$1-BC$2))+6 -> 1.4530938 | BD61: =((-5*(L59-BD$2))/(BD$1-BD$2))+6 -> 5.1968842 | BE61: =((5*(M59-BE$2))/(BE$1-BE$2))+1 -> 3.695599 | BF61: =((5*(N59-BF$2))/(BF$1-BF$2))+1 -> 1.9468665 | BG61: =((5*(O59-BG$2))/(BG$1-BG$2))+1 -> 1.2699208 | BH61: =((5*(P59-BH$2))/(BH$1-BH$2))+1 -> 2.1350095 | BI61: =((5*(Q59-BI$2))/(BI$1-BI$2))+1 -> 1.0649606 | BJ61: =AVERAGE(BC61:BI61) -> 2.3946192 | BK61: =((5*(R59-BK$2))/(BK$1-BK$2))+1 -> 5.1025641 | BL61: =((5*(S59-BL$2))/(BL$1-BL$2))+1 -> 4.3337405 | BM61: =((5*(T59-BM$2))/(BM$1-BM$2))+1 -> 3.6536561 | BN61: =((-5*(U59-BN$2))/(BN$1-BN$2))+6 -> 1.2182572 | BO61: =((-5*(V59-BO$2))/(BO$1-BO$2))+6 -> 1.7100592 | BP61: =((5*(W59-BP$2))/(BP$1-BP$2))+1 -> 2.6235684 | BQ61: =((-5*(X59-BQ$2))/(BQ$1-BQ$2))+6 -> 3.5773196 | BR61: =((5*(Y59-BR$2))/(BR$1-BR$2))+1 -> 2.7336358 | BS61: =((5*(Z59-BS$2))/(BS$1-BS$2))+1 -> 1.6415669 | BT61: =((-5*(AA59-BT$2))/(BT$1-BT$2))+6 -> 3.1257734 | BU61: =((-5*(AB59-BU$2))/(BU$1-BU$2))+6 -> 3.795925 | BV61: =((5*(AC59-BV$2))/(BV$1-BV$2))+1 -> 1.3880407 | BX61: =AVERAGE(BK61:BV61) -> 2.9086756
A62: Brasil | B62: =B61+1 -> 2014 | C62: 546.1498 | D62: 32.811122 | E62: 24.685406 | F62: -0.0030316357 | G62: 0.97326682 | H62: 747.73132 | I62: -2.0579992 | J62: 58.457271 | K62: 85.334714 | L62: 0.29229889 | M62: 41.7 | N62: 3.98 | O62: 28292.958 | P62: 3.2862328 | Q62: 28.735866 | R62: 99.7 | S62: 97.558581 | T62: 59.224 | U62: 52 | V62: 14.5 | W62: 74.306 | X62: 3 | Y62: 92.89 | Z62: 85.210641 | AA62: 1.01811 | AB62: 23.144 | AC62: 7.379 | AE62: =AVERAGE(BJ64,BX64,BB64) -> 2.8644186 | AG62: 42.52 | AH62: 6.7 | AI62: 18.02 | AJ62: 7115.6632 | AK62: 251891.63 | AL62: 2.17 | AM62: 7909 | AN62: 90.015596 | AO62: 1.3 | AP62: 6.983 | AQ62: 29.358647 | AR62: 13.18 | AU62: =((-5*(D60-AU$2))/(AU$1-$AU$2))+6 -> 3.1303534 | AV62: =((5*(E60-AV$2))/(AV$1-AV$2))+1 -> 1.0404216 | AW62: =((5*(F60-AW$2))/(AW$1-AW$2))+1 -> 1.8334201 | AX62: =((5*(G60-AX$2))/(AX$1-AX$2))+1 -> 2.0410603 | AY62: =((-5*(H60-AY$2))/(AY$1-AY$2))+6 -> 5.4253573 | AZ62: =((5*(I60-AZ$2))/(AZ$1-AZ$2))+1 -> 2.3315166 | BA62: =((-5*(J60-BA$2))/(BA$1-BA$2))+6 -> 4.8766578 | BB62: =AVERAGE(AU62:BA62) -> 2.9541125 | BC62: =((-5*(K60-BC$2))/(BC$1-BC$2))+6 -> 1.4035813 | BD62: =((-5*(L60-BD$2))/(BD$1-BD$2))+6 -> 5.1453844 | BE62: =((5*(M60-BE$2))/(BE$1-BE$2))+1 -> 3.591687 | BF62: =((5*(N60-BF$2))/(BF$1-BF$2))+1 -> 1.9707084 | BG62: =((5*(O60-BG$2))/(BG$1-BG$2))+1 -> 1.2677329 | BH62: =((5*(P60-BH$2))/(BH$1-BH$2))+1 -> 2.0090367 | BI62: =((5*(Q60-BI$2))/(BI$1-BI$2))+1 -> 1.0695339 | BJ62: =AVERAGE(BC62:BI62) -> 2.3510949 | BK62: =((5*(R60-BK$2))/(BK$1-BK$2))+1 -> 5.3589744 | BL62: =((5*(S60-BL$2))/(BL$1-BL$2))+1 -> 4.4701751 | BM62: =((5*(T60-BM$2))/(BM$1-BM$2))+1 -> 3.4780817 | BN62: =((-5*(U60-BN$2))/(BN$1-BN$2))+6 -> 1.172787 | BO62: =((-5*(V60-BO$2))/(BO$1-BO$2))+6 -> 1.887574 | BP62: =((5*(W60-BP$2))/(BP$1-BP$2))+1 -> 2.6864795 | BQ62: =((-5*(X60-BQ$2))/(BQ$1-BQ$2))+6 -> 3.8865979 | BR62: =((5*(Y60-BR$2))/(BR$1-BR$2))+1 -> 3.2683085 | BS62: =((5*(Z60-BS$2))/(BS$1-BS$2))+1 -> 1.8536125 | BT62: =((-5*(AA60-BT$2))/(BT$1-BT$2))+6 -> 3.195967 | BU62: =((-5*(AB60-BU$2))/(BU$1-BU$2))+6 -> 3.7479474 | BV62: =((5*(AC60-BV$2))/(BV$1-BV$2))+1 -> 1.5216285 | BX62: =AVERAGE(BK62:BV62) -> 3.0440111
A63: Brasil | B63: =B62+1 -> 2015 | C63: 517.5896 | D63: 32.168128 | E63: 26.953626 | F63: -0.043063976 | G63: 0.12347789 | H63: 724.29775 | I63: -4.1785402 | J63: 67.537554 | K63: 77.116473 | L63: 0.28719681 | M63: 43.7 | N63: 4.05 | O63: 28069.84 | P63: 2.3583274 | Q63: 28.2213 | R63: 99.7 | S63: 97.803565 | T63: 58.358 | U63: 51.9 | V63: 14.2 | W63: 74.332 | X63: 3.4 | Y63: 93.2 | Z63: 86.037959 | AA63: 1.01474 | AB63: 22.387 | AC63: 7.507 | AE63: =AVERAGE(BJ65,BX65,BB65) -> 2.8641146 | AF63: 402 | AG63: 43.73 | AH63: 6.7 | AI63: 17.76 | AJ63: 6666.7471 | AK63: 278367.77 | AL63: 1.97 | AM63: 17177 | AN63: 90.015596 | AO63: 1.3 | AP63: 6.952 | AQ63: 28.356406 | AR63: 11.61 | AU63: =((-5*(D61-AU$2))/(AU$1-$AU$2))+6 -> 3.252692 | AV63: =((5*(E61-AV$2))/(AV$1-AV$2))+1 -> 1.0494469 | AW63: =((5*(F61-AW$2))/(AW$1-AW$2))+1 -> 1.8394441 | AX63: =((5*(G61-AX$2))/(AX$1-AX$2))+1 -> 2.0021114 | AY63: =((-5*(H61-AY$2))/(AY$1-AY$2))+6 -> 5.3657459 | AZ63: =((5*(I61-AZ$2))/(AZ$1-AZ$2))+1 -> 2.4080418 | BA63: =((-5*(J61-BA$2))/(BA$1-BA$2))+6 -> 4.9302605 | BB63: =AVERAGE(AU63:BA63) -> 2.9782489 | BC63: =((-5*(K61-BC$2))/(BC$1-BC$2))+6 -> 1.6585385 | BD63: =((-5*(L61-BD$2))/(BD$1-BD$2))+6 -> 5.1245909 | BE63: =((5*(M61-BE$2))/(BE$1-BE$2))+1 -> 3.5183374 | BF63: =((5*(N61-BF$2))/(BF$1-BF$2))+1 -> 1.9911444 | BG63: =((5*(O61-BG$2))/(BG$1-BG$2))+1 -> 1.2655656 | BH63: =((5*(P61-BH$2))/(BH$1-BH$2))+1 -> 1.9910663 | BI63: =((5*(Q61-BI$2))/(BI$1-BI$2))+1 -> 1.0754579 | BJ63: =AVERAGE(BC63:BI63) -> 2.3749573 | BK63: =((5*(R61-BK$2))/(BK$1-BK$2))+1 -> 5.4871795 | BL63: =((5*(S61-BL$2))/(BL$1-BL$2))+1 -> 4.6033367 | BM63: =((5*(T61-BM$2))/(BM$1-BM$2))+1 -> 3.484344 | BN63: =((-5*(U61-BN$2))/(BN$1-BN$2))+6 -> 1.2364453 | BO63: =((-5*(V61-BO$2))/(BO$1-BO$2))+6 -> 2.035503 | BP63: =((5*(W61-BP$2))/(BP$1-BP$2))+1 -> 2.7966492 | BQ63: =((-5*(X61-BQ$2))/(BQ$1-BQ$2))+6 -> 4.2474227 | BR63: =((5*(Y61-BR$2))/(BR$1-BR$2))+1 -> 3.2391445 | BS63: =((5*(Z61-BS$2))/(BS$1-BS$2))+1 -> 2.0643082 | BT63: =((-5*(AA61-BT$2))/(BT$1-BT$2))+6 -> 3.357446 | BU63: =((-5*(AB61-BU$2))/(BU$1-BU$2))+6 -> 3.7592807 | BV63: =((5*(AC61-BV$2))/(BV$1-BV$2))+1 -> 1.5667939 | BX63: =AVERAGE(BK63:BV63) -> 3.1564878
A64: Brasil | B64: =B63+1 -> 2016 | C64: 482.4293 | D64: 31.579384 | E64: 24.533682 | F64: -0.040101272 | G64: -0.36205761 | H64: 788.11547 | I64: -5.2391103 | J64: 73.418804 | K64: 74.927752 | L64: 0.2767535 | M64: 45.4 | N64: 4.03 | O64: 27856.769 | P64: 2.4301353 | Q64: 26.288241 | R64: 99.7 | S64: 97.95584 | T64: 56.479 | U64: 53.4 | V64: 15 | W64: 74.442 | X64: 4.1 | Y64: 93.75 | Z64: 86.860243 | AA64: 1.00854 | AB64: 22.018 | AC64: 7.731 | AE64: =AVERAGE(BJ66,BX66,BB66) -> 2.8536313 | AG64: 46.990002 | AH64: 6.7 | AI64: 18.46 | AJ64: 6370.9031 | AK64: 298808.63 | AL64: 0.81 | AM64: 10229 | AN64: 90.015596 | AO64: 1.3 | AP64: 6.635 | AQ64: 29.589154 | AR64: 11.61 | AU64: =((-5*(D62-AU$2))/(AU$1-$AU$2))+6 -> 3.3651238 | AV64: =((5*(E62-AV$2))/(AV$1-AV$2))+1 -> 1.0346591 | AW64: =((5*(F62-AW$2))/(AW$1-AW$2))+1 -> 1.8255794 | AX64: =((5*(G62-AX$2))/(AX$1-AX$2))+1 -> 2.0469694 | AY64: =((-5*(H62-AY$2))/(AY$1-AY$2))+6 -> 5.341928 | AZ64: =((5*(I62-AZ$2))/(AZ$1-AZ$2))+1 -> 2.1424799 | BA64: =((-5*(J62-BA$2))/(BA$1-BA$2))+6 -> 4.9051296 | BB64: =AVERAGE(AU64:BA64) -> 2.9516956 | BC64: =((-5*(K62-BC$2))/(BC$1-BC$2))+6 -> 1.7332643 | BD64: =((-5*(L62-BD$2))/(BD$1-BD$2))+6 -> 5.0846925 | BE64: =((5*(M62-BE$2))/(BE$1-BE$2))+1 -> 3.4816626 | BF64: =((5*(N62-BF$2))/(BF$1-BF$2))+1 -> 2.0252044 | BG64: =((5*(O62-BG$2))/(BG$1-BG$2))+1 -> 1.263427 | BH64: =((5*(P62-BH$2))/(BH$1-BH$2))+1 -> 1.8600462 | BI64: =((5*(Q62-BI$2))/(BI$1-BI$2))+1 -> 1.0793778 | BJ64: =AVERAGE(BC64:BI64) -> 2.3610964 | BK64: =((5*(R62-BK$2))/(BK$1-BK$2))+1 -> 5.6153846 | BL64: =((5*(S62-BL$2))/(BL$1-BL$2))+1 -> 4.7334976 | BM64: =((5*(T62-BM$2))/(BM$1-BM$2))+1 -> 3.4851411 | BN64: =((-5*(U62-BN$2))/(BN$1-BN$2))+6 -> 1.3001037 | BO64: =((-5*(V62-BO$2))/(BO$1-BO$2))+6 -> 2.1538462 | BP64: =((5*(W62-BP$2))/(BP$1-BP$2))+1 -> 2.9134412 | BQ64: =((-5*(X62-BQ$2))/(BQ$1-BQ$2))+6 -> 4.4536082 | BR64: =((5*(Y62-BR$2))/(BR$1-BR$2))+1 -> 3.6960467 | BS64: =((5*(Z62-BS$2))/(BS$1-BS$2))+1 -> 2.2739551 | BT64: =((-5*(AA62-BT$2))/(BT$1-BT$2))+6 -> 3.3152692 | BU64: =((-5*(AB62-BU$2))/(BU$1-BU$2))+6 -> 3.7999547 | BV64: =((5*(AC62-BV$2))/(BV$1-BV$2))+1 -> 1.6253181 | BX64: =AVERAGE(BK64:BV64) -> 3.2804639
A65: Brasil | B65: =B64+1 -> 2017 | C65: 494.4986 | D65: 31.053363 | E65: 24.319734 | F65: 0.0058766893 | G65: -0.40842991 | H65: 884.32941 | I65: -3.6415627 | J65: 83.669203 | K65: 67.952559 | L65: 0.27997357 | M65: 45.3 | N65: 4.06 | O65: 27654.64 | P65: 2.7337577 | Q65: 26.891491 | R65: 99.8 | S65: 98.450956 | T65: 55.973 | U65: 53.3 | V65: 13.7 | W65: 74.827 | X65: 4.5 | Y65: 94.65 | Z65: 87.677959 | AA65: 1.0051301 | AB65: 20.807 | AC65: 7.852 | AE65: =AVERAGE(BJ67,BX67,BB67) -> 2.9135485 | AG65: 47.540001 | AH65: 6.7 | AI65: 18.21 | AJ65: 6573.6185 | AK65: 403418 | AL65: 3.37 | AM65: 14024 | AN65: 90.015596 | AO65: 1.3 | AP65: 6.4189 | AQ65: 30.593037 | AR65: 11.61 | AU65: =((-5*(D63-AU$2))/(AU$1-$AU$2))+6 -> 3.4630979 | AV65: =((5*(E63-AV$2))/(AV$1-AV$2))+1 -> 1.0651365 | AW65: =((5*(F63-AW$2))/(AW$1-AW$2))+1 -> 1.8031672 | AX65: =((5*(G63-AX$2))/(AX$1-AX$2))+1 -> 1.7331883 | AY65: =((-5*(H63-AY$2))/(AY$1-AY$2))+6 -> 5.3625516 | AZ65: =((5*(I63-AZ$2))/(AZ$1-AZ$2))+1 -> 1.8817879 | BA65: =((-5*(J63-BA$2))/(BA$1-BA$2))+6 -> 4.7194321 | BB65: =AVERAGE(AU65:BA65) -> 2.8611945 | BC65: =((-5*(K63-BC$2))/(BC$1-BC$2))+6 -> 2.1441763 | BD65: =((-5*(L63-BD$2))/(BD$1-BD$2))+6 -> 5.1034244 | BE65: =((5*(M63-BE$2))/(BE$1-BE$2))+1 -> 3.603912 | BF65: =((5*(N63-BF$2))/(BF$1-BF$2))+1 -> 2.0490463 | BG65: =((5*(O63-BG$2))/(BG$1-BG$2))+1 -> 1.2613437 | BH65: =((5*(P63-BH$2))/(BH$1-BH$2))+1 -> 1.6172023 | BI65: =((5*(Q63-BI$2))/(BI$1-BI$2))+1 -> 1.0776315 | BJ65: =AVERAGE(BC65:BI65) -> 2.4081052 | BK65: =((5*(R63-BK$2))/(BK$1-BK$2))+1 -> 5.6153846 | BL65: =((5*(S63-BL$2))/(BL$1-BL$2))+1 -> 4.8605845 | BM65: =((5*(T63-BM$2))/(BM$1-BM$2))+1 -> 3.386537 | BN65: =((-5*(U63-BN$2))/(BN$1-BN$2))+6 -> 1.3091977 | BO65: =((-5*(V63-BO$2))/(BO$1-BO$2))+6 -> 2.2426036 | BP65: =((5*(W63-BP$2))/(BP$1-BP$2))+1 -> 2.9212675 | BQ65: =((-5*(X63-BQ$2))/(BQ$1-BQ$2))+6 -> 4.2474227 | BR65: =((5*(Y63-BR$2))/(BR$1-BR$2))+1 -> 3.7965003 | BS65: =((5*(Z63-BS$2))/(BS$1-BS$2))+1 -> 2.4823904 | BT65: =((-5*(AA63-BT$2))/(BT$1-BT$2))+6 -> 3.4126187 | BU65: =((-5*(AB63-BU$2))/(BU$1-BU$2))+6 -> 3.8952803 | BV65: =((5*(AC63-BV$2))/(BV$1-BV$2))+1 -> 1.706743 | BX65: =AVERAGE(BK65:BV65) -> 3.3230442
A66: Brasil | B66: =B65+1 -> 2018 | C66: 470.7686 | D66: 30.626289 | E66: 28.876203 | F66: 0.010904086 | G66: -0.53821406 | H66: 1131.3215 | I66: -4.6991795 | J66: 86.607884 | K66: 68.13503 | L66: 0.26186736 | M66: 46.9 | N66: 3.93 | O66: 27466.281 | P66: 3.6175912 | Q66: 27.033637 | R66: 99.7 | S66: 98.679494 | T66: 56.308 | U66: 53.9 | V66: 13.4 | W66: 75.109 | X66: 4.5 | Y66: 95.09 | Z66: 88.490544 | AA66: 1.00668 | AB66: 20.3 | AC66: 7.982 | AE66: =AVERAGE(BJ68,BX68,BB68) -> 2.9308174 | AF66: 401 | AG66: 49.200001 | AH66: 6.7 | AI66: 17.71 | AJ66: 6589.195 | AK66: 421536.33 | AN66: 90.015596 | AO66: 2 | AP66: 6.2998 | AQ66: 26.636013 | AR66: 11.61 | AU66: =((-5*(D64-AU$2))/(AU$1-$AU$2))+6 -> 3.5528059 | AV66: =((5*(E64-AV$2))/(AV$1-AV$2))+1 -> 1.0326204 | AW66: =((5*(F64-AW$2))/(AW$1-AW$2))+1 -> 1.8048259 | AX66: =((5*(G64-AX$2))/(AX$1-AX$2))+1 -> 1.5539063 | AY66: =((-5*(H64-AY$2))/(AY$1-AY$2))+6 -> 5.3063862 | AZ66: =((5*(I64-AZ$2))/(AZ$1-AZ$2))+1 -> 1.751405 | BA66: =((-5*(J64-BA$2))/(BA$1-BA$2))+6 -> 4.5991569 | BB66: =AVERAGE(AU66:BA66) -> 2.8001581 | BC66: =((-5*(K64-BC$2))/(BC$1-BC$2))+6 -> 2.2536124 | BD66: =((-5*(L64-BD$2))/(BD$1-BD$2))+6 -> 5.1417663 | BE66: =((5*(M64-BE$2))/(BE$1-BE$2))+1 -> 3.707824 | BF66: =((5*(N64-BF$2))/(BF$1-BF$2))+1 -> 2.0422343 | BG66: =((5*(O64-BG$2))/(BG$1-BG$2))+1 -> 1.2593542 | BH66: =((5*(P64-BH$2))/(BH$1-BH$2))+1 -> 1.6359953 | BI66: =((5*(Q64-BI$2))/(BI$1-BI$2))+1 -> 1.0710713 | BJ66: =AVERAGE(BC66:BI66) -> 2.4445511 | BK66: =((5*(R64-BK$2))/(BK$1-BK$2))+1 -> 5.6153846 | BL66: =((5*(S64-BL$2))/(BL$1-BL$2))+1 -> 4.9395782 | BM66: =((5*(T64-BM$2))/(BM$1-BM$2))+1 -> 3.1725913 | BN66: =((-5*(U64-BN$2))/(BN$1-BN$2))+6 -> 1.172787 | BO66: =((-5*(V64-BO$2))/(BO$1-BO$2))+6 -> 2.0059172 | BP66: =((5*(W64-BP$2))/(BP$1-BP$2))+1 -> 2.9543786 | BQ66: =((-5*(X64-BQ$2))/(BQ$1-BQ$2))+6 -> 3.8865979 | BR66: =((5*(Y64-BR$2))/(BR$1-BR$2))+1 -> 3.9747246 | BS66: =((5*(Z64-BS$2))/(BS$1-BS$2))+1 -> 2.6895573 | BT66: =((-5*(AA64-BT$2))/(BT$1-BT$2))+6 -> 3.591715 | BU66: =((-5*(AB64-BU$2))/(BU$1-BU$2))+6 -> 3.9417468 | BV66: =((5*(AC64-BV$2))/(BV$1-BV$2))+1 -> 1.8492366 | BX66: =AVERAGE(BK66:BV66) -> 3.3161846
A67: Brasil | B67: =B66+1 -> 2019 | C67: 468.1262 | D67: 30.229201 | E67: 28.890258 | F67: 0.0056297084 | G67: -0.45053632 | H67: 1256.4953 | I67: -5.0097552 | J67: 92.565253 | L67: 0.25725697 | M67: 47.5 | N67: 3.95 | O67: 27287.785 | P67: 3.217173 | Q67: 26.982254 | R67: 99.8 | S67: 98.935544 | T67: 56.953 | U67: 53.5 | V67: 13.2 | W67: 75.338 | X67: 4.5 | Y67: 95.67 | Z67: 89.298796 | AA67: 1.00991 | AB67: 19.611 | AC67: 8.129 | AE67: =AVERAGE(BJ69,BX69,BB69) -> 3.109421 | AG67: 50.240002 | AH67: 6.7 | AI67: 18.1 | AJ67: 6631.2479 | AK67: 461932.67 | AN67: 90.015596 | AO67: 2 | AP67: 6.3756 | AQ67: 20.810464 | AR67: 11.61 | AU67: =((-5*(D65-AU$2))/(AU$1-$AU$2))+6 -> 3.6329567 | AV67: =((5*(E65-AV$2))/(AV$1-AV$2))+1 -> 1.0297456 | AW67: =((5*(F65-AW$2))/(AW$1-AW$2))+1 -> 1.8305667 | AX67: =((5*(G65-AX$2))/(AX$1-AX$2))+1 -> 1.5367835 | AY67: =((-5*(H65-AY$2))/(AY$1-AY$2))+6 -> 5.2217091 | AZ67: =((5*(I65-AZ$2))/(AZ$1-AZ$2))+1 -> 1.9478021 | BA67: =((-5*(J65-BA$2))/(BA$1-BA$2))+6 -> 4.3895299 | BB67: =AVERAGE(AU67:BA67) -> 2.798442 | BC67: =((-5*(K65-BC$2))/(BC$1-BC$2))+6 -> 2.602372 | BD67: =((-5*(L65-BD$2))/(BD$1-BD$2))+6 -> 5.129944 | BE67: =((5*(M65-BE$2))/(BE$1-BE$2))+1 -> 3.7017115 | BF67: =((5*(N65-BF$2))/(BF$1-BF$2))+1 -> 2.0524523 | BG67: =((5*(O65-BG$2))/(BG$1-BG$2))+1 -> 1.2574669 | BH67: =((5*(P65-BH$2))/(BH$1-BH$2))+1 -> 1.7154569 | BI67: =((5*(Q65-BI$2))/(BI$1-BI$2))+1 -> 1.0731185 | BJ67: =AVERAGE(BC67:BI67) -> 2.504646 | BK67: =((5*(R65-BK$2))/(BK$1-BK$2))+1 -> 5.7435897 | BL67: =((5*(S65-BL$2))/(BL$1-BL$2))+1 -> 5.1964231 | BM67: =((5*(T65-BM$2))/(BM$1-BM$2))+1 -> 3.1149773 | BN67: =((-5*(U65-BN$2))/(BN$1-BN$2))+6 -> 1.181881 | BO67: =((-5*(V65-BO$2))/(BO$1-BO$2))+6 -> 2.3905325 | BP67: =((5*(W65-BP$2))/(BP$1-BP$2))+1 -> 3.0702675 | BQ67: =((-5*(X65-BQ$2))/(BQ$1-BQ$2))+6 -> 3.6804124 | BR67: =((5*(Y65-BR$2))/(BR$1-BR$2))+1 -> 4.2663642 | BS67: =((5*(Z65-BS$2))/(BS$1-BS$2))+1 -> 2.8955735 | BT67: =((-5*(AA65-BT$2))/(BT$1-BT$2))+6 -> 3.6902181 | BU67: =((-5*(AB65-BU$2))/(BU$1-BU$2))+6 -> 4.0942427 | BV67: =((5*(AC65-BV$2))/(BV$1-BV$2))+1 -> 1.9262087 | BX67: =AVERAGE(BK67:BV67) -> 3.4375576
A68: Brasil | B68: =B67+1 -> 2020 | C68: 447.4235 | D68: 29.803722 | E68: 32.302079 | F68: -0.038355055 | G68: -0.43663702 | H68: 1439.4934 | I68: -1.4853199 | J68: 98.709882 | L68: 0.25420972 | M68: 50 | N68: 4 | O68: 27130.15 | P68: 3.2298766 | Q68: 26.195216 | R68: 99.7 | S68: 99.320859 | T68: 52.031 | U68: 48.9 | V68: 13 | W68: 74.009 | X68: 1.8 | Y68: 96.31 | Z68: 90.078476 | AA68: 1.00649 | AB68: 20.763 | AC68: 8.278 | AE68: =AVERAGE(BJ70,BX70,BB70) -> 3.1691236 | AG68: 52.889999 | AH68: 6.7 | AI68: 19.97 | AJ68: 6418.4728 | AK68: 527015.33 | AN68: 90.015596 | AO68: 2 | AP68: 6.3301 | AQ68: 22.384065 | AR68: 11.61 | AU68: =((-5*(D66-AU$2))/(AU$1-$AU$2))+6 -> 3.6980307 | AV68: =((5*(E66-AV$2))/(AV$1-AV$2))+1 -> 1.0909696 | AW68: =((5*(F66-AW$2))/(AW$1-AW$2))+1 -> 1.8333813 | AX68: =((5*(G66-AX$2))/(AX$1-AX$2))+1 -> 1.4888613 | AY68: =((-5*(H66-AY$2))/(AY$1-AY$2))+6 -> 5.0043335 | AZ68: =((5*(I66-AZ$2))/(AZ$1-AZ$2))+1 -> 1.8177823 | BA68: =((-5*(J66-BA$2))/(BA$1-BA$2))+6 -> 4.329432 | BB68: =AVERAGE(AU68:BA68) -> 2.7518272 | BC68: =((-5*(K66-BC$2))/(BC$1-BC$2))+6 -> 2.5932485 | BD68: =((-5*(L66-BD$2))/(BD$1-BD$2))+6 -> 5.1964197 | BE68: =((5*(M66-BE$2))/(BE$1-BE$2))+1 -> 3.799511 | BF68: =((5*(N66-BF$2))/(BF$1-BF$2))+1 -> 2.0081744 | BG68: =((5*(O66-BG$2))/(BG$1-BG$2))+1 -> 1.2557082 | BH68: =((5*(P66-BH$2))/(BH$1-BH$2))+1 -> 1.9467666 | BI68: =((5*(Q66-BI$2))/(BI$1-BI$2))+1 -> 1.0736009 | BJ68: =AVERAGE(BC68:BI68) -> 2.553347 | BK68: =((5*(R66-BK$2))/(BK$1-BK$2))+1 -> 5.6153846 | BL68: =((5*(S66-BL$2))/(BL$1-BL$2))+1 -> 5.3149785 | BM68: =((5*(T66-BM$2))/(BM$1-BM$2))+1 -> 3.1531209 | BN68: =((-5*(U66-BN$2))/(BN$1-BN$2))+6 -> 1.1273167 | BO68: =((-5*(V66-BO$2))/(BO$1-BO$2))+6 -> 2.4792899 | BP68: =((5*(W66-BP$2))/(BP$1-BP$2))+1 -> 3.1551524 | BQ68: =((-5*(X66-BQ$2))/(BQ$1-BQ$2))+6 -> 3.6804124 | BR68: =((5*(Y66-BR$2))/(BR$1-BR$2))+1 -> 4.4089436 | BS68: =((5*(Z66-BS$2))/(BS$1-BS$2))+1 -> 3.1002968 | BT68: =((-5*(AA66-BT$2))/(BT$1-BT$2))+6 -> 3.6454449 | BU68: =((-5*(AB66-BU$2))/(BU$1-BU$2))+6 -> 4.1580869 | BV68: =((5*(AC66-BV$2))/(BV$1-BV$2))+1 -> 2.0089059 | BX68: =AVERAGE(BK68:BV68) -> 3.4872778
A69: Brasil | B69: =B68+1 -> 2021 | C69: 505.9915 | D69: 29.404119 | E69: 37.656331 | F69: 0.043179316 | G69: 0.18759328 | H69: 1357.335 | I69: -0.24629841 | J69: 85.011504 | L69: 0.27441655 | M69: 46.5 | N69: 3.96 | O69: 27014.994 | P69: 7.941112 | Q69: 27.393866 | R69: 99.5 | S69: 99.589401 | T69: 54.076 | U69: 52.9 | V69: 12.8 | W69: 72.75 | X69: 4.7 | Y69: 96.65 | Z69: 90.810985 | AB69: 20.432 | AC69: 8.278 | AE69: =AVERAGE(BJ71,BX71,BB71) -> 4.0167866 | AF69: 404 | AG69: 53.540001 | AH69: 6.7 | AI69: 17.11 | AJ69: 6478.171 | AN69: 90.015596 | AO69: 2 | AP69: 6.2928 | AR69: 11.61 | AU69: =((-5*(D67-AU$2))/(AU$1-$AU$2))+6 -> 3.7585357 | AV69: =((5*(E67-AV$2))/(AV$1-AV$2))+1 -> 1.0911585 | AW69: =((5*(F67-AW$2))/(AW$1-AW$2))+1 -> 1.8304285 | AX69: =((5*(G67-AX$2))/(AX$1-AX$2))+1 -> 1.5212359 | AY69: =((-5*(H67-AY$2))/(AY$1-AY$2))+6 -> 4.8941691 | AZ69: =((5*(I67-AZ$2))/(AZ$1-AZ$2))+1 -> 1.7796012 | BA69: =((-5*(J67-BA$2))/(BA$1-BA$2))+6 -> 4.2076001 | BB69: =AVERAGE(AU69:BA69) -> 2.7261041 | BC69: =((-5*(K67-BC$2))/(BC$1-BC$2))+6 -> 6 | BD69: =((-5*(L67-BD$2))/(BD$1-BD$2))+6 -> 5.2133464 | BE69: =((5*(M67-BE$2))/(BE$1-BE$2))+1 -> 3.8361858 | BF69: =((5*(N67-BF$2))/(BF$1-BF$2))+1 -> 2.0149864 | BG69: =((5*(O67-BG$2))/(BG$1-BG$2))+1 -> 1.2540416 | BH69: =((5*(P67-BH$2))/(BH$1-BH$2))+1 -> 1.8419724 | BI69: =((5*(Q67-BI$2))/(BI$1-BI$2))+1 -> 1.0734266 | BJ69: =AVERAGE(BC69:BI69) -> 3.0334227 | BK69: =((5*(R67-BK$2))/(BK$1-BK$2))+1 -> 5.7435897 | BL69: =((5*(S67-BL$2))/(BL$1-BL$2))+1 -> 5.4478063 | BM69: =((5*(T67-BM$2))/(BM$1-BM$2))+1 -> 3.2265616 | BN69: =((-5*(U67-BN$2))/(BN$1-BN$2))+6 -> 1.1636929 | BO69: =((-5*(V67-BO$2))/(BO$1-BO$2))+6 -> 2.5384615 | BP69: =((5*(W67-BP$2))/(BP$1-BP$2))+1 -> 3.2240838 | BQ69: =((-5*(X67-BQ$2))/(BQ$1-BQ$2))+6 -> 3.6804124 | BR69: =((5*(Y67-BR$2))/(BR$1-BR$2))+1 -> 4.5968892 | BS69: =((5*(Z67-BS$2))/(BS$1-BS$2))+1 -> 3.3039286 | BT69: =((-5*(AA67-BT$2))/(BT$1-BT$2))+6 -> 3.5521416 | BU69: =((-5*(AB67-BU$2))/(BU$1-BU$2))+6 -> 4.2448496 | BV69: =((5*(AC67-BV$2))/(BV$1-BV$2))+1 -> 2.1024173 | BX69: =AVERAGE(BK69:BV69) -> 3.5687362
A70: Brasil | B70: =B69+1 -> 2022 | C70: 478.9143 | D70: 29.049195 | E70: 38.816066 | F70: 0.026463153 | G70: 0.31324174 | H70: 1082.6052 | J70: 79.102322 | L70: 0.25212579 | N70: 3.87 | R70: 100 | S70: 99.593771 | T70: 57.499 | U70: 52 | V70: 12.5 | W70: 73.425 | X70: 3.1 | Y70: 97.13 | Z70: 90.883499 | AB70: 19.806 | AC70: 8.278 | AE70: =AVERAGE(BJ72,BX72,BB72) -> 3.861269 | AF70: 399 | AG70: 54.009998 | AH70: 6.7 | AI70: 17.17 | AN70: 90.015596 | AO70: 2 | AP70: 6.1246 | AR70: 11.61 | AU70: =((-5*(D68-AU$2))/(AU$1-$AU$2))+6 -> 3.8233667 | AV70: =((5*(E68-AV$2))/(AV$1-AV$2))+1 -> 1.1370021 | AW70: =((5*(F68-AW$2))/(AW$1-AW$2))+1 -> 1.8058035 | AX70: =((5*(G68-AX$2))/(AX$1-AX$2))+1 -> 1.5263682 | AY70: =((-5*(H68-AY$2))/(AY$1-AY$2))+6 -> 4.733114 | AZ70: =((5*(I68-AZ$2))/(AZ$1-AZ$2))+1 -> 2.2128832 | BA70: =((-5*(J68-BA$2))/(BA$1-BA$2))+6 -> 4.0819387 | BB70: =AVERAGE(AU70:BA70) -> 2.7600681 | BC70: =((-5*(K68-BC$2))/(BC$1-BC$2))+6 -> 6 | BD70: =((-5*(L68-BD$2))/(BD$1-BD$2))+6 -> 5.2245341 | BE70: =((5*(M68-BE$2))/(BE$1-BE$2))+1 -> 3.9889976 | BF70: =((5*(N68-BF$2))/(BF$1-BF$2))+1 -> 2.0320163 | BG70: =((5*(O68-BG$2))/(BG$1-BG$2))+1 -> 1.2525697 | BH70: =((5*(P68-BH$2))/(BH$1-BH$2))+1 -> 1.8452971 | BI70: =((5*(Q68-BI$2))/(BI$1-BI$2))+1 -> 1.0707556 | BJ70: =AVERAGE(BC70:BI70) -> 3.0591672 | BK70: =((5*(R68-BK$2))/(BK$1-BK$2))+1 -> 5.6153846 | BL70: =((5*(S68-BL$2))/(BL$1-BL$2))+1 -> 5.6476909 | BM70: =((5*(T68-BM$2))/(BM$1-BM$2))+1 -> 2.6661353 | BN70: =((-5*(U68-BN$2))/(BN$1-BN$2))+6 -> 1.5820192 | BO70: =((-5*(V68-BO$2))/(BO$1-BO$2))+6 -> 2.5976331 | BP70: =((5*(W68-BP$2))/(BP$1-BP$2))+1 -> 2.8240412 | BQ70: =((-5*(X68-BQ$2))/(BQ$1-BQ$2))+6 -> 5.0721649 | BR70: =((5*(Y68-BR$2))/(BR$1-BR$2))+1 -> 4.8042774 | BS70: =((5*(Z68-BS$2))/(BS$1-BS$2))+1 -> 3.500362 | BT70: =((-5*(AA68-BT$2))/(BT$1-BT$2))+6 -> 3.6509339 | BU70: =((-5*(AB68-BU$2))/(BU$1-BU$2))+6 -> 4.0997834 | BV70: =((5*(AC68-BV$2))/(BV$1-BV$2))+1 -> 2.197201 | BX70: =AVERAGE(BK70:BV70) -> 3.6881356
A71: Brasil | B71: =B70+1 -> 2023 | C71: 479.5042 | D71: 28.713572 | E71: 33.853947 | F71: 0.025018418 | G71: 0.39537535 | J71: 83.698937 | L71: 0.24530179 | R71: 100 | T71: 57.768 | U71: 30 | Y71: 92.27 | AB71: 19.911 | AE71: =AVERAGE(BJ73,BX73,BB73) -> 1.1692999 | AG71: 60.105633 | AH71: 6.7 | AI71: 18.47 | AN71: 90.015596 | AP71: 6.272 | AU71: =((-5*(D69-AU$2))/(AU$1-$AU$2))+6 -> 3.8842548 | AV71: =((5*(E69-AV$2))/(AV$1-AV$2))+1 -> 1.2089457 | AW71: =((5*(F69-AW$2))/(AW$1-AW$2))+1 -> 1.8514506 | AX71: =((5*(G69-AX$2))/(AX$1-AX$2))+1 -> 1.7568627 | AY71: =((-5*(H69-AY$2))/(AY$1-AY$2))+6 -> 4.8054209 | AZ71: =((5*(I69-AZ$2))/(AZ$1-AZ$2))+1 -> 2.3652042 | BA71: =((-5*(J69-BA$2))/(BA$1-BA$2))+6 -> 4.362079 | BB71: =AVERAGE(AU71:BA71) -> 2.8906026 | BC71: =((-5*(K69-BC$2))/(BC$1-BC$2))+6 -> 6 | BD71: =((-5*(L69-BD$2))/(BD$1-BD$2))+6 -> 5.1503462 | BE71: =((5*(M69-BE$2))/(BE$1-BE$2))+1 -> 3.7750611 | BF71: =((5*(N69-BF$2))/(BF$1-BF$2))+1 -> 2.0183924 | BG71: =((5*(O69-BG$2))/(BG$1-BG$2))+1 -> 1.2514945 | BH71: =((5*(P69-BH$2))/(BH$1-BH$2))+1 -> 3.0782834 | BI71: =((5*(Q69-BI$2))/(BI$1-BI$2))+1 -> 1.0748235 | BJ71: =AVERAGE(BC71:BI71) -> 3.1926287 | BK71: =((5*(R69-BK$2))/(BK$1-BK$2))+1 -> 5.3589744 | BL71: =((5*(S69-BL$2))/(BL$1-BL$2))+1 -> 5.7869991 | BM71: =((5*(T69-BM$2))/(BM$1-BM$2))+1 -> 2.8989821 | BN71: =((-5*(U69-BN$2))/(BN$1-BN$2))+6 -> 1.2182572 | BO71: =((-5*(V69-BO$2))/(BO$1-BO$2))+6 -> 2.6568047 | BP71: =((5*(W69-BP$2))/(BP$1-BP$2))+1 -> 2.4450693 | BQ71: =((-5*(X69-BQ$2))/(BQ$1-BQ$2))+6 -> 3.5773196 | BR71: =((5*(Y69-BR$2))/(BR$1-BR$2))+1 -> 4.9144524 | BS71: =((5*(Z69-BS$2))/(BS$1-BS$2))+1 -> 3.684911 | BT71: =((-5*(AA69-BT$2))/(BT$1-BT$2))+6 -> 32.725108 | BU71: =((-5*(AB69-BU$2))/(BU$1-BU$2))+6 -> 4.1414648 | BV71: =((5*(AC69-BV$2))/(BV$1-BV$2))+1 -> 2.197201 | BX71: =AVERAGE(BK71:BV71) -> 5.9671286
A72: Brasil | B72: =B71+1 -> 2024 | R72: 100 | Y72: 92.6 | AE72: =AVERAGE(BJ74,BX74,BB74) -> 1.4384467 | AH72: 6.7 | AN72: 90.015596 | AU72: =((-5*(D70-AU$2))/(AU$1-$AU$2))+6 -> 3.9383353 | AV72: =((5*(E70-AV$2))/(AV$1-AV$2))+1 -> 1.2245287 | AW72: =((5*(F70-AW$2))/(AW$1-AW$2))+1 -> 1.8420921 | AX72: =((5*(G70-AX$2))/(AX$1-AX$2))+1 -> 1.8032578 | AY72: =((-5*(H70-AY$2))/(AY$1-AY$2))+6 -> 5.0472083 | AZ72: =((5*(I70-AZ$2))/(AZ$1-AZ$2))+1 -> 2.3954833 | BA72: =((-5*(J70-BA$2))/(BA$1-BA$2))+6 -> 4.4829255 | BB72: =AVERAGE(AU72:BA72) -> 2.9619759 | BC72: =((-5*(K70-BC$2))/(BC$1-BC$2))+6 -> 6 | BD72: =((-5*(L70-BD$2))/(BD$1-BD$2))+6 -> 5.2321851 | BE72: =((5*(M70-BE$2))/(BE$1-BE$2))+1 -> 0.93276284 | BF72: =((5*(N70-BF$2))/(BF$1-BF$2))+1 -> 1.9877384 | BG72: =((5*(O70-BG$2))/(BG$1-BG$2))+1 -> 0.99925274 | BH72: =((5*(P70-BH$2))/(BH$1-BH$2))+1 -> 1 | BI72: =((5*(Q70-BI$2))/(BI$1-BI$2))+1 -> 0.9818562 | BJ72: =AVERAGE(BC72:BI72) -> 2.447685 | BK72: =((5*(R70-BK$2))/(BK$1-BK$2))+1 -> 6 | BL72: =((5*(S70-BL$2))/(BL$1-BL$2))+1 -> 5.7892661 | BM72: =((5*(T70-BM$2))/(BM$1-BM$2))+1 -> 3.28873 | BN72: =((-5*(U70-BN$2))/(BN$1-BN$2))+6 -> 1.3001037 | BO72: =((-5*(V70-BO$2))/(BO$1-BO$2))+6 -> 2.7455621 | BP72: =((5*(W70-BP$2))/(BP$1-BP$2))+1 -> 2.6482512 | BQ72: =((-5*(X70-BQ$2))/(BQ$1-BQ$2))+6 -> 4.4020619 | BR72: =((5*(Y70-BR$2))/(BR$1-BR$2))+1 -> 5.0699935 | BS72: =((5*(Z70-BS$2))/(BS$1-BS$2))+1 -> 3.7031803 | BT72: =((-5*(AA70-BT$2))/(BT$1-BT$2))+6 -> 32.725108 | BU72: =((-5*(AB70-BU$2))/(BU$1-BU$2))+6 -> 4.2202942 | BV72: =((5*(AC70-BV$2))/(BV$1-BV$2))+1 -> 2.197201 | BX72: =AVERAGE(BK72:BV72) -> 6.174146
A73: Brasil | B73: =B72+1 -> 2025 | R73: 100 | AE73: =AVERAGE(BJ75,BX75,BB75) -> 0.60493335 | AH73: 6.7 | AN73: 90.015596 | AU73: =((-5*(D71-AU$2))/(AU$1-$AU$2))+6 -> 3.9894748 | AV73: =((5*(E71-AV$2))/(AV$1-AV$2))+1 -> 1.1578542 | AW73: =((5*(F71-AW$2))/(AW$1-AW$2))+1 -> 1.8412832 | AX73: =((5*(G71-AX$2))/(AX$1-AX$2))+1 -> 1.8335853 | AY73: =((-5*(H71-AY$2))/(AY$1-AY$2))+6 -> 6 | AZ73: =((5*(I71-AZ$2))/(AZ$1-AZ$2))+1 -> 2.3954833 | BA73: =((-5*(J71-BA$2))/(BA$1-BA$2))+6 -> 4.3889218 | BB73: =AVERAGE(AU73:BA73) -> 3.0866575 | BC73: =((-5*(K71-BC$2))/(BC$1-BC$2))+6 -> 6 | BD73: =((-5*(L71-BD$2))/(BD$1-BD$2))+6 -> 5.2572389 | BE73: =((5*(M71-BE$2))/(BE$1-BE$2))+1 -> 0.93276284 | BF73: =((5*(N71-BF$2))/(BF$1-BF$2))+1 -> 0.66961853 | BG73: =((5*(O71-BG$2))/(BG$1-BG$2))+1 -> 0.99925274 | BH73: =((5*(P71-BH$2))/(BH$1-BH$2))+1 -> 1 | BI73: =((5*(Q71-BI$2))/(BI$1-BI$2))+1 -> 0.9818562 | BJ73: =AVERAGE(BC73:BI73) -> 2.2629613 | BK73: =((5*(R71-BK$2))/(BK$1-BK$2))+1 -> 6 | BL73: =((5*(S71-BL$2))/(BL$1-BL$2))+1 -> -45.87567 | BM73: =((5*(T71-BM$2))/(BM$1-BM$2))+1 -> 3.3193587 | BN73: =((-5*(U71-BN$2))/(BN$1-BN$2))+6 -> 3.3007948 | BO73: =((-5*(V71-BO$2))/(BO$1-BO$2))+6 -> 6.443787 | BP73: =((5*(W71-BP$2))/(BP$1-BP$2))+1 -> -19.453424 | BQ73: =((-5*(X71-BQ$2))/(BQ$1-BQ$2))+6 -> 6 | BR73: =((5*(Y71-BR$2))/(BR$1-BR$2))+1 -> 3.4951393 | BS73: =((5*(Z71-BS$2))/(BS$1-BS$2))+1 -> -19.194094 | BT73: =((-5*(AA71-BT$2))/(BT$1-BT$2))+6 -> 32.725108 | BU73: =((-5*(AB71-BU$2))/(BU$1-BU$2))+6 -> 4.207072 | BV73: =((5*(AC71-BV$2))/(BV$1-BV$2))+1 -> -3.0687023 | BX73: =AVERAGE(BK73:BV73) -> -1.8417192
A74: Canadá | B74: 2008 | C74: 574.5625 | D74: 24.368422 | E74: 67.023608 | F74: -0.00093342784 | G74: 1.4592276 | H74: 5345.3353 | I74: 10.083937 | J74: 45.320511 | K74: 19.602682 | L74: 0.41080291 | M74: 21.6 | N74: 7.29 | O74: 85721.252 | P74: 5.0736169 | Q74: 34.915808 | R74: 100 | S74: 99.236077 | T74: 63.349 | U74: 33.9 | V74: 5.1 | W74: 80.724634 | X74: 0.2 | Y74: 99.74 | Z74: 99.678274 | AA74: 0.98632002 | AB74: 10.914 | AC74: 13.416 | AE74: =AVERAGE(BJ76,BX76,BB76) -> 3.6348444 | AH74: 0.2 | AI74: 23.162055 | AJ74: 35292.495 | AK74: 428.26 | AL74: 6.7270859 | AM74: 52025 | AN74: 93.551744 | AO74: 2.56 | AQ74: 1.8483654 | AR74: 16.25 | AU74: =((-5*(D72-AU$2))/(AU$1-$AU$2))+6 -> 8.3646123 | AV74: =((5*(E72-AV$2))/(AV$1-AV$2))+1 -> 0.70296827 | AW74: =((5*(F72-AW$2))/(AW$1-AW$2))+1 -> 1.8272767 | AX74: =((5*(G72-AX$2))/(AX$1-AX$2))+1 -> 1.6875946 | AY74: =((-5*(H72-AY$2))/(AY$1-AY$2))+6 -> 6 | AZ74: =((5*(I72-AZ$2))/(AZ$1-AZ$2))+1 -> 2.3954833 | BA74: =((-5*(J72-BA$2))/(BA$1-BA$2))+6 -> 6.1006171 | BB74: =AVERAGE(AU74:BA74) -> 3.8683646 | BC74: =((-5*(K72-BC$2))/(BC$1-BC$2))+6 -> 6 | BD74: =((-5*(L72-BD$2))/(BD$1-BD$2))+6 -> 6.1578467 | BE74: =((5*(M72-BE$2))/(BE$1-BE$2))+1 -> 0.93276284 | BF74: =((5*(N72-BF$2))/(BF$1-BF$2))+1 -> 0.66961853 | BG74: =((5*(O72-BG$2))/(BG$1-BG$2))+1 -> 0.99925274 | BH74: =((5*(P72-BH$2))/(BH$1-BH$2))+1 -> 1 | BI74: =((5*(Q72-BI$2))/(BI$1-BI$2))+1 -> 0.9818562 | BJ74: =AVERAGE(BC74:BI74) -> 2.3916196 | BK74: =((5*(R72-BK$2))/(BK$1-BK$2))+1 -> 6 | BL74: =((5*(S72-BL$2))/(BL$1-BL$2))+1 -> -45.87567 | BM74: =((5*(T72-BM$2))/(BM$1-BM$2))+1 -> -3.2581923 | BN74: =((-5*(U72-BN$2))/(BN$1-BN$2))+6 -> 6.02901 | BO74: =((-5*(V72-BO$2))/(BO$1-BO$2))+6 -> 6.443787 | BP74: =((5*(W72-BP$2))/(BP$1-BP$2))+1 -> -19.453424 | BQ74: =((-5*(X72-BQ$2))/(BQ$1-BQ$2))+6 -> 6 | BR74: =((5*(Y72-BR$2))/(BR$1-BR$2))+1 -> 3.6020739 | BS74: =((5*(Z72-BS$2))/(BS$1-BS$2))+1 -> -19.194094 | BT74: =((-5*(AA72-BT$2))/(BT$1-BT$2))+6 -> 32.725108 | BU74: =((-5*(AB72-BU$2))/(BU$1-BU$2))+6 -> 6.7143757 | BV74: =((5*(AC72-BV$2))/(BV$1-BV$2))+1 -> -3.0687023 | BX74: =AVERAGE(BK74:BV74) -> -1.944644
A75: Canadá | B75: =B74+1 -> 2009 | C75: 541.8042 | D75: 24.112199 | E75: 58.474392 | F75: -0.040200881 | G75: 0.063610289 | H75: 5004.4374 | I75: 4.429753 | J75: 53.192447 | K75: =(K74+K77)/2 -> 16.63495 | L75: 0.39901282 | M75: 22.2 | N75: 7.23 | O75: 84745.589 | P75: 1.9230412 | Q75: 34.998869 | R75: 100 | S75: 99.236356 | T75: 61.584 | U75: 34 | V75: 5 | W75: 81.066098 | X75: 0.2 | Y75: 99.75 | Z75: 99.595558 | AA75: 0.98796999 | AB75: 10.294 | AC75: 13.465 | AE75: =AVERAGE(BJ77,BX77,BB77) -> 3.5484515 | AF75: 534 | AH75: 0.2 | AI75: 23.765678 | AJ75: 32740.56 | AK75: 466.5776 | AL75: 7.5172227 | AM75: 52363 | AN75: 93.937787 | AO75: 2.56 | AQ75: 1.8158049 | AR75: 16.25 | AU75: =((-5*(D73-AU$2))/(AU$1-$AU$2))+6 -> 8.3646123 | AV75: =((5*(E73-AV$2))/(AV$1-AV$2))+1 -> 0.70296827 | AW75: =((5*(F73-AW$2))/(AW$1-AW$2))+1 -> 1.8272767 | AX75: =((5*(G73-AX$2))/(AX$1-AX$2))+1 -> 1.6875946 | AY75: =((-5*(H73-AY$2))/(AY$1-AY$2))+6 -> 6 | AZ75: =((5*(I73-AZ$2))/(AZ$1-AZ$2))+1 -> 2.3954833 | BA75: =((-5*(J73-BA$2))/(BA$1-BA$2))+6 -> 6.1006171 | BB75: =AVERAGE(AU75:BA75) -> 3.8683646 | BC75: =((-5*(K73-BC$2))/(BC$1-BC$2))+6 -> 6 | BD75: =((-5*(L73-BD$2))/(BD$1-BD$2))+6 -> 6.1578467 | BE75: =((5*(M73-BE$2))/(BE$1-BE$2))+1 -> 0.93276284 | BF75: =((5*(N73-BF$2))/(BF$1-BF$2))+1 -> 0.66961853 | BG75: =((5*(O73-BG$2))/(BG$1-BG$2))+1 -> 0.99925274 | BH75: =((5*(P73-BH$2))/(BH$1-BH$2))+1 -> 1 | BI75: =((5*(Q73-BI$2))/(BI$1-BI$2))+1 -> 0.9818562 | BJ75: =AVERAGE(BC75:BI75) -> 2.3916196 | BK75: =((5*(R73-BK$2))/(BK$1-BK$2))+1 -> 6 | BL75: =((5*(S73-BL$2))/(BL$1-BL$2))+1 -> -45.87567 | BM75: =((5*(T73-BM$2))/(BM$1-BM$2))+1 -> -3.2581923 | BN75: =((-5*(U73-BN$2))/(BN$1-BN$2))+6 -> 6.02901 | BO75: =((-5*(V73-BO$2))/(BO$1-BO$2))+6 -> 6.443787 | BP75: =((5*(W73-BP$2))/(BP$1-BP$2))+1 -> -19.453424 | BQ75: =((-5*(X73-BQ$2))/(BQ$1-BQ$2))+6 -> 6 | BR75: =((5*(Y73-BR$2))/(BR$1-BR$2))+1 -> -26.404407 | BS75: =((5*(Z73-BS$2))/(BS$1-BS$2))+1 -> -19.194094 | BT75: =((-5*(AA73-BT$2))/(BT$1-BT$2))+6 -> 32.725108 | BU75: =((-5*(AB73-BU$2))/(BU$1-BU$2))+6 -> 6.7143757 | BV75: =((5*(AC73-BV$2))/(BV$1-BV$2))+1 -> -3.0687023 | BX75: =AVERAGE(BK75:BV75) -> -4.4451841
A76: Canadá | B76: =B75+1 -> 2010 | C76: 561.6033 | D76: 23.890832 | E76: 60.208122 | F76: 0.019514475 | G76: 0.041561007 | H76: 5041.6519 | I76: 6.6570845 | J76: 53.149733 | K76: =(K75+K77:L77)/2 -> 15.151084 | L76: 0.40119378 | M76: 21.4 | N76: 7.02 | O76: 83808.981 | P76: 2.1275423 | Q76: 37.631218 | R76: 100 | S76: 99.236349 | T76: 61.569 | U76: 33.6 | V76: 5 | W76: 81.322195 | X76: 0.2 | Y76: 99.76 | Z76: 99.51262 | AA76: 0.98953998 | AB76: 9.889 | AC76: 13.514 | AE76: =AVERAGE(BJ78,BX78,BB78) -> 3.5675037 | AG76: 82.634392 | AH76: 0.2 | AI76: 23.603458 | AJ76: 34176.044 | AK76: 488.8806 | AL76: 11.721612 | AM76: 52457 | AN76: 95.25851 | AO76: 2.56 | AQ76: 1.6400001 | AR76: 16.25 | AU76: =((-5*(D74-AU$2))/(AU$1-$AU$2))+6 -> 4.6515529 | AV76: =((5*(E74-AV$2))/(AV$1-AV$2))+1 -> 1.6035455 | AW76: =((5*(F74-AW$2))/(AW$1-AW$2))+1 -> 1.8267541 | AX76: =((5*(G74-AX$2))/(AX$1-AX$2))+1 -> 2.2264084 | AY76: =((-5*(H74-AY$2))/(AY$1-AY$2))+6 -> 1.2956153 | AZ76: =((5*(I74-AZ$2))/(AZ$1-AZ$2))+1 -> 3.635168 | BA76: =((-5*(J74-BA$2))/(BA$1-BA$2))+6 -> 5.1737845 | BB76: =AVERAGE(AU76:BA76) -> 2.9161184 | BC76: =((-5*(K74-BC$2))/(BC$1-BC$2))+6 -> 5.0198659 | BD76: =((-5*(L74-BD$2))/(BD$1-BD$2))+6 -> 4.6496136 | BE76: =((5*(M74-BE$2))/(BE$1-BE$2))+1 -> 2.2530562 | BF76: =((5*(N74-BF$2))/(BF$1-BF$2))+1 -> 3.1525886 | BG76: =((5*(O74-BG$2))/(BG$1-BG$2))+1 -> 1.7996407 | BH76: =((5*(P74-BH$2))/(BH$1-BH$2))+1 -> 2.3278258 | BI76: =((5*(Q74-BI$2))/(BI$1-BI$2))+1 -> 1.1003509 | BJ76: =AVERAGE(BC76:BI76) -> 2.9004203 | BK76: =((5*(R74-BK$2))/(BK$1-BK$2))+1 -> 6 | BL76: =((5*(S74-BL$2))/(BL$1-BL$2))+1 -> 5.6037099 | BM76: =((5*(T74-BM$2))/(BM$1-BM$2))+1 -> 3.9548198 | BN76: =((-5*(U74-BN$2))/(BN$1-BN$2))+6 -> 2.9461268 | BO76: =((-5*(V74-BO$2))/(BO$1-BO$2))+6 -> 4.9349112 | BP76: =((5*(W74-BP$2))/(BP$1-BP$2))+1 -> 4.8455157 | BQ76: =((-5*(X74-BQ$2))/(BQ$1-BQ$2))+6 -> 5.8969072 | BR76: =((5*(Y74-BR$2))/(BR$1-BR$2))+1 -> 5.9157485 | BS76: =((5*(Z74-BS$2))/(BS$1-BS$2))+1 -> 5.9189442 | BT76: =((-5*(AA74-BT$2))/(BT$1-BT$2))+6 -> 4.2335779 | BU76: =((-5*(AB74-BU$2))/(BU$1-BU$2))+6 -> 5.3400242 | BV76: =((5*(AC74-BV$2))/(BV$1-BV$2))+1 -> 5.4656489 | BX76: =AVERAGE(BK76:BV76) -> 5.0879945
A77: Canadá | B77: =B76+1 -> 2011 | C77: 575.8915 | D77: 23.74892 | E77: 62.498739 | F77: 0.021360771 | G77: 0.08230919 | H77: 4825.5249 | I77: 8.3972131 | J77: 54.119386 | K77: 13.667218 | L77: 0.39888702 | M77: 21.5 | N77: 6.96 | O77: 82995.476 | P77: 2.5934702 | Q77: 40.55466 | R77: 100 | S77: 99.235895 | T77: 61.797 | U77: 32.7 | V77: 4.9 | W77: 81.482683 | X77: 0.2 | Y77: 99.77 | Z77: 99.42938 | AA77: 0.99223 | AB77: 10.061 | AC77: 13.563 | AE77: =AVERAGE(BJ79,BX79,BB79) -> 3.6010016 | AG77: 82.75 | AH77: 0.2 | AI77: 23.668941 | AJ77: 35381.043 | AK77: 488.1241 | AL77: 13.038698 | AM77: 53088 | AN77: 92.166926 | AO77: 2.56 | AP77: 7.499089 | AQ77: 1.774293 | AR77: 16.25 | AU77: =((-5*(D75-AU$2))/(AU$1-$AU$2))+6 -> 4.690594 | AV77: =((5*(E75-AV$2))/(AV$1-AV$2))+1 -> 1.4886721 | AW77: =((5*(F75-AW$2))/(AW$1-AW$2))+1 -> 1.8047701 | AX77: =((5*(G75-AX$2))/(AX$1-AX$2))+1 -> 1.7110824 | AY77: =((-5*(H75-AY$2))/(AY$1-AY$2))+6 -> 1.5956368 | AZ77: =((5*(I75-AZ$2))/(AZ$1-AZ$2))+1 -> 2.940062 | BA77: =((-5*(J75-BA$2))/(BA$1-BA$2))+6 -> 5.0127985 | BB77: =AVERAGE(AU77:BA77) -> 2.749088 | BC77: =((-5*(K75-BC$2))/(BC$1-BC$2))+6 -> 5.1682525 | BD77: =((-5*(L75-BD$2))/(BD$1-BD$2))+6 -> 4.6929001 | BE77: =((5*(M75-BE$2))/(BE$1-BE$2))+1 -> 2.2897311 | BF77: =((5*(N75-BF$2))/(BF$1-BF$2))+1 -> 3.1321526 | BG77: =((5*(O75-BG$2))/(BG$1-BG$2))+1 -> 1.7905309 | BH77: =((5*(P75-BH$2))/(BH$1-BH$2))+1 -> 1.5032827 | BI77: =((5*(Q75-BI$2))/(BI$1-BI$2))+1 -> 1.1006328 | BJ77: =AVERAGE(BC77:BI77) -> 2.8110689 | BK77: =((5*(R75-BK$2))/(BK$1-BK$2))+1 -> 6 | BL77: =((5*(S75-BL$2))/(BL$1-BL$2))+1 -> 5.6038548 | BM77: =((5*(T75-BM$2))/(BM$1-BM$2))+1 -> 3.7538542 | BN77: =((-5*(U75-BN$2))/(BN$1-BN$2))+6 -> 2.9370328 | BO77: =((-5*(V75-BO$2))/(BO$1-BO$2))+6 -> 4.964497 | BP77: =((5*(W75-BP$2))/(BP$1-BP$2))+1 -> 4.9482997 | BQ77: =((-5*(X75-BQ$2))/(BQ$1-BQ$2))+6 -> 5.8969072 | BR77: =((5*(Y75-BR$2))/(BR$1-BR$2))+1 -> 5.918989 | BS77: =((5*(Z75-BS$2))/(BS$1-BS$2))+1 -> 5.8981045 | BT77: =((-5*(AA75-BT$2))/(BT$1-BT$2))+6 -> 4.1859156 | BU77: =((-5*(AB75-BU$2))/(BU$1-BU$2))+6 -> 5.418098 | BV77: =((5*(AC75-BV$2))/(BV$1-BV$2))+1 -> 5.4968193 | BX77: =AVERAGE(BK77:BV77) -> 5.0851977
A78: Canadá | B78: =B77+1 -> 2012 | C78: 567.2705 | D78: 23.713989 | E78: 62.595549 | F78: 0.0065884199 | G78: 0.050741785 | H78: 5009.2643 | I78: 8.090638 | J78: 55.725165 | K78: 18.720819 | L78: 0.3861365 | M78: 21.8 | N78: 6.88 | O78: 82100.872 | P78: 1.4430767 | Q78: 40.315401 | R78: 100 | S78: 99.234323 | T78: 61.903 | U78: 33.5 | V78: 4.8 | W78: 81.663659 | X78: 0.2 | Y78: 99.78 | Z78: 99.345554 | AA78: 1.00368 | AB78: 9.804 | AC78: 13.597 | AE78: =AVERAGE(BJ80,BX80,BB80) -> 3.5567509 | AF78: 529 | AG78: 83.58094 | AH78: 0.2 | AI78: 23.830967 | AJ78: 35493.023 | AK78: 505.902 | AL78: 12.209083 | AM78: 53717 | AN78: 94.463428 | AO78: 2.56 | AQ78: 1.5825029 | AR78: 16.25 | AU78: =((-5*(D76-AU$2))/(AU$1-$AU$2))+6 -> 4.7243241 | AV78: =((5*(E76-AV$2))/(AV$1-AV$2))+1 -> 1.5119677 | AW78: =((5*(F76-AW$2))/(AW$1-AW$2))+1 -> 1.8382019 | AX78: =((5*(G76-AX$2))/(AX$1-AX$2))+1 -> 1.7029408 | AY78: =((-5*(H76-AY$2))/(AY$1-AY$2))+6 -> 1.5628846 | AZ78: =((5*(I76-AZ$2))/(AZ$1-AZ$2))+1 -> 3.2138825 | BA78: =((-5*(J76-BA$2))/(BA$1-BA$2))+6 -> 5.013672 | BB78: =AVERAGE(AU78:BA78) -> 2.7954105 | BC78: =((-5*(K76-BC$2))/(BC$1-BC$2))+6 -> 5.2424458 | BD78: =((-5*(L76-BD$2))/(BD$1-BD$2))+6 -> 4.6848928 | BE78: =((5*(M76-BE$2))/(BE$1-BE$2))+1 -> 2.2408313 | BF78: =((5*(N76-BF$2))/(BF$1-BF$2))+1 -> 3.0606267 | BG78: =((5*(O76-BG$2))/(BG$1-BG$2))+1 -> 1.7817857 | BH78: =((5*(P76-BH$2))/(BH$1-BH$2))+1 -> 1.5568031 | BI78: =((5*(Q76-BI$2))/(BI$1-BI$2))+1 -> 1.1095662 | BJ78: =AVERAGE(BC78:BI78) -> 2.8109931 | BK78: =((5*(R76-BK$2))/(BK$1-BK$2))+1 -> 6 | BL78: =((5*(S76-BL$2))/(BL$1-BL$2))+1 -> 5.603851 | BM78: =((5*(T76-BM$2))/(BM$1-BM$2))+1 -> 3.7521463 | BN78: =((-5*(U76-BN$2))/(BN$1-BN$2))+6 -> 2.973409 | BO78: =((-5*(V76-BO$2))/(BO$1-BO$2))+6 -> 4.964497 | BP78: =((5*(W76-BP$2))/(BP$1-BP$2))+1 -> 5.0253876 | BQ78: =((-5*(X76-BQ$2))/(BQ$1-BQ$2))+6 -> 5.8969072 | BR78: =((5*(Y76-BR$2))/(BR$1-BR$2))+1 -> 5.9222294 | BS78: =((5*(Z76-BS$2))/(BS$1-BS$2))+1 -> 5.8772091 | BT78: =((-5*(AA76-BT$2))/(BT$1-BT$2))+6 -> 4.1405638 | BU78: =((-5*(AB76-BU$2))/(BU$1-BU$2))+6 -> 5.4690979 | BV78: =((5*(AC76-BV$2))/(BV$1-BV$2))+1 -> 5.5279898 | BX78: =AVERAGE(BK78:BV78) -> 5.0961074
A79: Canadá | B79: =B78+1 -> 2013 | C79: 575.2453 | D79: 23.753969 | E79: 62.231075 | F79: 0.012535901 | G79: 0.15605469 | H79: 5089.7371 | I79: 8.2646667 | J79: 53.200869 | K79: 8.3381839 | L79: 0.38266481 | M79: 22.2 | N79: 6.86 | O79: 81240.576 | P79: 1.7142027 | Q79: 40.32354 | R79: 100 | S79: 99.232689 | T79: 62.047 | U79: 33.8 | V79: 4.8 | W79: 81.744878 | X79: 0.3 | Y79: 99.8 | Z79: 99.261679 | AA79: 1.00639 | AB79: 9.589 | AC79: 13.63 | AE79: =AVERAGE(BJ81,BX81,BB81) -> 3.5851825 | AG79: 84.31488 | AH79: 0.2 | AI79: 24.047528 | AJ79: 36062.118 | AK79: 515.0967 | AL79: 12.515347 | AM79: 54286 | AN79: 93.623939 | AO79: 2.56 | AQ79: 1.4516441 | AR79: 16.25 | AU79: =((-5*(D77-AU$2))/(AU$1-$AU$2))+6 -> 4.7459476 | AV79: =((5*(E77-AV$2))/(AV$1-AV$2))+1 -> 1.5427461 | AW79: =((5*(F77-AW$2))/(AW$1-AW$2))+1 -> 1.8392355 | AX79: =((5*(G77-AX$2))/(AX$1-AX$2))+1 -> 1.7179869 | AY79: =((-5*(H77-AY$2))/(AY$1-AY$2))+6 -> 1.7530962 | AZ79: =((5*(I77-AZ$2))/(AZ$1-AZ$2))+1 -> 3.427808 | BA79: =((-5*(J77-BA$2))/(BA$1-BA$2))+6 -> 4.993842 | BB79: =AVERAGE(AU79:BA79) -> 2.8600946 | BC79: =((-5*(K77-BC$2))/(BC$1-BC$2))+6 -> 5.3166391 | BD79: =((-5*(L77-BD$2))/(BD$1-BD$2))+6 -> 4.693362 | BE79: =((5*(M77-BE$2))/(BE$1-BE$2))+1 -> 2.2469438 | BF79: =((5*(N77-BF$2))/(BF$1-BF$2))+1 -> 3.0401907 | BG79: =((5*(O77-BG$2))/(BG$1-BG$2))+1 -> 1.7741899 | BH79: =((5*(P77-BH$2))/(BH$1-BH$2))+1 -> 1.678742 | BI79: =((5*(Q77-BI$2))/(BI$1-BI$2))+1 -> 1.1194876 | BJ79: =AVERAGE(BC79:BI79) -> 2.8385079 | BK79: =((5*(R77-BK$2))/(BK$1-BK$2))+1 -> 6 | BL79: =((5*(S77-BL$2))/(BL$1-BL$2))+1 -> 5.6036152 | BM79: =((5*(T77-BM$2))/(BM$1-BM$2))+1 -> 3.7781067 | BN79: =((-5*(U77-BN$2))/(BN$1-BN$2))+6 -> 3.0552555 | BO79: =((-5*(V77-BO$2))/(BO$1-BO$2))+6 -> 4.9940828 | BP79: =((5*(W77-BP$2))/(BP$1-BP$2))+1 -> 5.0736961 | BQ79: =((-5*(X77-BQ$2))/(BQ$1-BQ$2))+6 -> 5.8969072 | BR79: =((5*(Y77-BR$2))/(BR$1-BR$2))+1 -> 5.9254699 | BS79: =((5*(Z77-BS$2))/(BS$1-BS$2))+1 -> 5.8562374 | BT79: =((-5*(AA77-BT$2))/(BT$1-BT$2))+6 -> 4.0628581 | BU79: =((-5*(AB77-BU$2))/(BU$1-BU$2))+6 -> 5.4474387 | BV79: =((5*(AC77-BV$2))/(BV$1-BV$2))+1 -> 5.5591603 | BX79: =AVERAGE(BK79:BV79) -> 5.1044023
A80: Canadá | B80: =B79+1 -> 2014 | C80: 580.4828 | D80: 23.836105 | E80: 64.378662 | F80: 0.018484095 | G80: 2.5859658 | H80: 5279.9524 | I80: 8.9456156 | J80: 51.482708 | K80: 6.6303268 | L80: 0.37536297 | M80: 22.2 | N80: 6.84 | O80: 80431.074 | P80: 1.6885329 | Q80: 42.36289 | R80: 100 | S80: 99.230983 | T80: 61.654 | U80: 33.2 | V80: 4.7 | W80: 81.78439 | X80: 0.2 | Y80: 99.81 | Z80: 99.177751 | AA80: 1.00857 | AB80: 9.773 | AC80: 13.664 | AE80: =AVERAGE(BJ82,BX82,BB82) -> 3.6317435 | AG80: 84.786774 | AH80: 0.2 | AI80: 24.127289 | AJ80: 36484.807 | AK80: 549.6069 | AL80: 12.338672 | AM80: 54995 | AN80: 91.506918 | AO80: 2.56 | AP80: 7.427 | AQ80: 1.4828578 | AR80: 16.25 | AU80: =((-5*(D78-AU$2))/(AU$1-$AU$2))+6 -> 4.75127 | AV80: =((5*(E78-AV$2))/(AV$1-AV$2))+1 -> 1.5440469 | AW80: =((5*(F78-AW$2))/(AW$1-AW$2))+1 -> 1.8309652 | AX80: =((5*(G78-AX$2))/(AX$1-AX$2))+1 -> 1.7063308 | AY80: =((-5*(H78-AY$2))/(AY$1-AY$2))+6 -> 1.5913887 | AZ80: =((5*(I78-AZ$2))/(AZ$1-AZ$2))+1 -> 3.3901187 | BA80: =((-5*(J78-BA$2))/(BA$1-BA$2))+6 -> 4.9610028 | BB80: =AVERAGE(AU80:BA80) -> 2.8250176 | BC80: =((-5*(K78-BC$2))/(BC$1-BC$2))+6 -> 5.0639591 | BD80: =((-5*(L78-BD$2))/(BD$1-BD$2))+6 -> 4.7401746 | BE80: =((5*(M78-BE$2))/(BE$1-BE$2))+1 -> 2.2652812 | BF80: =((5*(N78-BF$2))/(BF$1-BF$2))+1 -> 3.0129428 | BG80: =((5*(O78-BG$2))/(BG$1-BG$2))+1 -> 1.7658369 | BH80: =((5*(P78-BH$2))/(BH$1-BH$2))+1 -> 1.3776703 | BI80: =((5*(Q78-BI$2))/(BI$1-BI$2))+1 -> 1.1186756 | BJ80: =AVERAGE(BC80:BI80) -> 2.7635058 | BK80: =((5*(R78-BK$2))/(BK$1-BK$2))+1 -> 6 | BL80: =((5*(S78-BL$2))/(BL$1-BL$2))+1 -> 5.6028 | BM80: =((5*(T78-BM$2))/(BM$1-BM$2))+1 -> 3.790176 | BN80: =((-5*(U78-BN$2))/(BN$1-BN$2))+6 -> 2.982503 | BO80: =((-5*(V78-BO$2))/(BO$1-BO$2))+6 -> 5.0236686 | BP80: =((5*(W78-BP$2))/(BP$1-BP$2))+1 -> 5.1281716 | BQ80: =((-5*(X78-BQ$2))/(BQ$1-BQ$2))+6 -> 5.8969072 | BR80: =((5*(Y78-BR$2))/(BR$1-BR$2))+1 -> 5.9287103 | BS80: =((5*(Z78-BS$2))/(BS$1-BS$2))+1 -> 5.8351182 | BT80: =((-5*(AA78-BT$2))/(BT$1-BT$2))+6 -> 3.7321056 | BU80: =((-5*(AB78-BU$2))/(BU$1-BU$2))+6 -> 5.4798015 | BV80: =((5*(AC78-BV$2))/(BV$1-BV$2))+1 -> 5.5807888 | BX80: =AVERAGE(BK80:BV80) -> 5.0817293
A81: Canadá | B81: =B80+1 -> 2015 | C81: 577.1296 | D81: 23.957158 | E81: 66.164902 | F81: -0.0011236917 | G81: 1.2726696 | H81: 5169.626 | I81: 5.3954039 | J81: 55.991584 | K81: 2.0233915 | L81: 0.37078467 | M81: 22.3 | N81: 6.75 | O81: 79821.876 | P81: 0.33293384 | Q81: 43.563079 | R81: 100 | S81: 99.229221 | T81: 61.582 | U81: 33.7 | V81: 4.7 | W81: 81.81561 | X81: 0.3 | Y81: 99.82 | Z81: 99.093776 | AA81: 1.0083899 | AB81: 9.973 | AC81: 13.698 | AE81: =AVERAGE(BJ83,BX83,BB83) -> 3.5783335 | AF81: 525 | AG81: 85.31102 | AH81: 0.2 | AI81: 24.231375 | AJ81: 35364.119 | AK81: 550.1665 | AL81: 11.138052 | AM81: 55400 | AN81: 93.867164 | AO81: 2.59 | AP81: 7.404 | AQ81: 1.7099458 | AR81: 16.25 | AU81: =((-5*(D79-AU$2))/(AU$1-$AU$2))+6 -> 4.7451782 | AV81: =((5*(E79-AV$2))/(AV$1-AV$2))+1 -> 1.5391496 | AW81: =((5*(F79-AW$2))/(AW$1-AW$2))+1 -> 1.8342949 | AX81: =((5*(G79-AX$2))/(AX$1-AX$2))+1 -> 1.7452172 | AY81: =((-5*(H79-AY$2))/(AY$1-AY$2))+6 -> 1.5205652 | AZ81: =((5*(I79-AZ$2))/(AZ$1-AZ$2))+1 -> 3.4115132 | BA81: =((-5*(J79-BA$2))/(BA$1-BA$2))+6 -> 5.0126262 | BB81: =AVERAGE(AU81:BA81) -> 2.8297921 | BC81: =((-5*(K79-BC$2))/(BC$1-BC$2))+6 -> 5.5830908 | BD81: =((-5*(L79-BD$2))/(BD$1-BD$2))+6 -> 4.7529206 | BE81: =((5*(M79-BE$2))/(BE$1-BE$2))+1 -> 2.2897311 | BF81: =((5*(N79-BF$2))/(BF$1-BF$2))+1 -> 3.0061308 | BG81: =((5*(O79-BG$2))/(BG$1-BG$2))+1 -> 1.7578042 | BH81: =((5*(P79-BH$2))/(BH$1-BH$2))+1 -> 1.4486272 | BI81: =((5*(Q79-BI$2))/(BI$1-BI$2))+1 -> 1.1187032 | BJ81: =AVERAGE(BC81:BI81) -> 2.8510011 | BK81: =((5*(R79-BK$2))/(BK$1-BK$2))+1 -> 6 | BL81: =((5*(S79-BL$2))/(BL$1-BL$2))+1 -> 5.6019521 | BM81: =((5*(T79-BM$2))/(BM$1-BM$2))+1 -> 3.8065721 | BN81: =((-5*(U79-BN$2))/(BN$1-BN$2))+6 -> 2.9552209 | BO81: =((-5*(V79-BO$2))/(BO$1-BO$2))+6 -> 5.0236686 | BP81: =((5*(W79-BP$2))/(BP$1-BP$2))+1 -> 5.1526195 | BQ81: =((-5*(X79-BQ$2))/(BQ$1-BQ$2))+6 -> 5.8453608 | BR81: =((5*(Y79-BR$2))/(BR$1-BR$2))+1 -> 5.9351912 | BS81: =((5*(Z79-BS$2))/(BS$1-BS$2))+1 -> 5.8139867 | BT81: =((-5*(AA79-BT$2))/(BT$1-BT$2))+6 -> 3.6538231 | BU81: =((-5*(AB79-BU$2))/(BU$1-BU$2))+6 -> 5.5068755 | BV81: =((5*(AC79-BV$2))/(BV$1-BV$2))+1 -> 5.6017812 | BX81: =AVERAGE(BK81:BV81) -> 5.0747543
A82: Canadá | B82: =B81+1 -> 2016 | C82: 575.8711 | D82: 24.071285 | E82: 65.363685 | F82: -0.00098296353 | G82: 0.83050485 | H82: 5212.2258 | I82: 4.6605761 | J82: 56.023624 | K82: 0.72555404 | L82: 0.36617323 | M82: 22.1 | N82: 6.96 | O82: 78923.75 | P82: 0.78649494 | Q82: 43.695705 | R82: 100 | S82: 99.227396 | T82: 61.283 | U82: 32.7 | V82: 4.6 | W82: 81.924878 | X82: 0.2 | Y82: 99.83 | Z82: 99.009751 | AA82: 1.00818 | AB82: 9.647 | AC82: 13.732 | AE82: =AVERAGE(BJ84,BX84,BB84) -> 3.5812314 | AG82: 84.470001 | AH82: 0.2 | AI82: 24.23506 | AJ82: 35186.785 | AK82: 589.087 | AL82: 11.453542 | AM82: 54350 | AN82: 92.336711 | AO82: 2.59 | AP82: 7.316 | AQ82: 1.7057318 | AR82: 16.25 | AU82: =((-5*(D80-AU$2))/(AU$1-$AU$2))+6 -> 4.7326629 | AV82: =((5*(E80-AV$2))/(AV$1-AV$2))+1 -> 1.5680061 | AW82: =((5*(F80-AW$2))/(AW$1-AW$2))+1 -> 1.837625 | AX82: =((5*(G80-AX$2))/(AX$1-AX$2))+1 -> 2.6424519 | AY82: =((-5*(H80-AY$2))/(AY$1-AY$2))+6 -> 1.3531583 | AZ82: =((5*(I80-AZ$2))/(AZ$1-AZ$2))+1 -> 3.4952267 | BA82: =((-5*(J80-BA$2))/(BA$1-BA$2))+6 -> 5.0477637 | BB82: =AVERAGE(AU82:BA82) -> 2.9538421 | BC82: =((-5*(K80-BC$2))/(BC$1-BC$2))+6 -> 5.6684837 | BD82: =((-5*(L80-BD$2))/(BD$1-BD$2))+6 -> 4.7797288 | BE82: =((5*(M80-BE$2))/(BE$1-BE$2))+1 -> 2.2897311 | BF82: =((5*(N80-BF$2))/(BF$1-BF$2))+1 -> 2.9993188 | BG82: =((5*(O80-BG$2))/(BG$1-BG$2))+1 -> 1.7502458 | BH82: =((5*(P80-BH$2))/(BH$1-BH$2))+1 -> 1.4419091 | BI82: =((5*(Q80-BI$2))/(BI$1-BI$2))+1 -> 1.1256242 | BJ82: =AVERAGE(BC82:BI82) -> 2.8650059 | BK82: =((5*(R80-BK$2))/(BK$1-BK$2))+1 -> 6 | BL82: =((5*(S80-BL$2))/(BL$1-BL$2))+1 -> 5.6010675 | BM82: =((5*(T80-BM$2))/(BM$1-BM$2))+1 -> 3.7618245 | BN82: =((-5*(U80-BN$2))/(BN$1-BN$2))+6 -> 3.0097852 | BO82: =((-5*(V80-BO$2))/(BO$1-BO$2))+6 -> 5.0532544 | BP82: =((5*(W80-BP$2))/(BP$1-BP$2))+1 -> 5.1645131 | BQ82: =((-5*(X80-BQ$2))/(BQ$1-BQ$2))+6 -> 5.8969072 | BR82: =((5*(Y80-BR$2))/(BR$1-BR$2))+1 -> 5.9384316 | BS82: =((5*(Z80-BS$2))/(BS$1-BS$2))+1 -> 5.7928417 | BT82: =((-5*(AA80-BT$2))/(BT$1-BT$2))+6 -> 3.5908507 | BU82: =((-5*(AB80-BU$2))/(BU$1-BU$2))+6 -> 5.4837052 | BV82: =((5*(AC80-BV$2))/(BV$1-BV$2))+1 -> 5.6234097 | BX82: =AVERAGE(BK82:BV82) -> 5.0763826
A83: Canadá | B83: =B82+1 -> 2017 | C83: 593.0442 | D83: 24.111933 | E83: 65.101061 | F83: 0.018094645 | G83: 0.95643132 | H83: 5073.1942 | I83: 6.164011 | J83: 54.462565 | K83: 0 | L83: 0.3659894 | M83: 22.8 | N83: 7.03 | O83: 77985.885 | P83: 1.1969047 | Q83: 44.696612 | R83: 100 | S83: 99.225535 | T83: 61.802 | U83: 33.3 | V83: 4.6 | W83: 81.832927 | X83: 0.2 | Y83: =Y82+0.01 -> 99.84 | Z83: 98.925677 | AA83: 1.00546 | AB83: 9.565 | AC83: 13.766 | AE83: =AVERAGE(BJ85,BX85,BB85) -> 3.6113333 | AG83: 86.46376 | AH83: 0.2 | AI83: 23.912947 | AJ83: 36548.006 | AK83: 601.6872 | AL83: 11.398491 | AM83: 55122 | AN83: 92.953595 | AO83: 2.59 | AP83: 7.3285 | AQ83: 1.8192091 | AR83: 16.25 | AU83: =((-5*(D81-AU$2))/(AU$1-$AU$2))+6 -> 4.714218 | AV83: =((5*(E81-AV$2))/(AV$1-AV$2))+1 -> 1.5920073 | AW83: =((5*(F81-AW$2))/(AW$1-AW$2))+1 -> 1.8266476 | AX83: =((5*(G81-AX$2))/(AX$1-AX$2))+1 -> 2.1575226 | AY83: =((-5*(H81-AY$2))/(AY$1-AY$2))+6 -> 1.4502557 | AZ83: =((5*(I81-AZ$2))/(AZ$1-AZ$2))+1 -> 3.0587758 | BA83: =((-5*(J81-BA$2))/(BA$1-BA$2))+6 -> 4.9555544 | BB83: =AVERAGE(AU83:BA83) -> 2.8221402 | BC83: =((-5*(K81-BC$2))/(BC$1-BC$2))+6 -> 5.8988304 | BD83: =((-5*(L81-BD$2))/(BD$1-BD$2))+6 -> 4.7965377 | BE83: =((5*(M81-BE$2))/(BE$1-BE$2))+1 -> 2.2958435 | BF83: =((5*(N81-BF$2))/(BF$1-BF$2))+1 -> 2.9686649 | BG83: =((5*(O81-BG$2))/(BG$1-BG$2))+1 -> 1.7445577 | BH83: =((5*(P81-BH$2))/(BH$1-BH$2))+1 -> 1.0871327 | BI83: =((5*(Q81-BI$2))/(BI$1-BI$2))+1 -> 1.1296973 | BJ83: =AVERAGE(BC83:BI83) -> 2.8458949 | BK83: =((5*(R81-BK$2))/(BK$1-BK$2))+1 -> 6 | BL83: =((5*(S81-BL$2))/(BL$1-BL$2))+1 -> 5.6001534 | BM83: =((5*(T81-BM$2))/(BM$1-BM$2))+1 -> 3.7536265 | BN83: =((-5*(U81-BN$2))/(BN$1-BN$2))+6 -> 2.9643149 | BO83: =((-5*(V81-BO$2))/(BO$1-BO$2))+6 -> 5.0532544 | BP83: =((5*(W81-BP$2))/(BP$1-BP$2))+1 -> 5.1739105 | BQ83: =((-5*(X81-BQ$2))/(BQ$1-BQ$2))+6 -> 5.8453608 | BR83: =((5*(Y81-BR$2))/(BR$1-BR$2))+1 -> 5.9416721 | BS83: =((5*(Z81-BS$2))/(BS$1-BS$2))+1 -> 5.771685 | BT83: =((-5*(AA81-BT$2))/(BT$1-BT$2))+6 -> 3.5960504 | BU83: =((-5*(AB81-BU$2))/(BU$1-BU$2))+6 -> 5.4585201 | BV83: =((5*(AC81-BV$2))/(BV$1-BV$2))+1 -> 5.6450382 | BX83: =AVERAGE(BK83:BV83) -> 5.0669655
A84: Canadá | B84: =B83+1 -> 2018 | C84: 613.6582 | D84: 24.08461 | E84: 66.599886 | F84: 0.012809266 | G84: 0.95979385 | H84: 5065.618 | I84: 5.8400813 | J84: 53.151536 | K84: 0 | L84: 0.36860048 | M84: 22.3 | N84: 6.94 | O84: 76876.142 | P84: 1.7982043 | Q84: 45.922624 | R84: 100 | S84: 99.223631 | T84: 61.955 | U84: 32.5 | V84: 4.5 | W84: 81.843902 | X84: 0.2 | Y84: =Y83+0.01 -> 99.85 | Z84: 98.841542 | AA84: 1.00333 | AB84: 9.281 | AC84: 13.8 | AE84: =AVERAGE(BJ86,BX86,BB86) -> 3.6221291 | AF84: 528 | AG84: 87.172348 | AH84: 0.2 | AI84: 23.838188 | AJ84: 36866.819 | AK84: 596.286 | AL84: 9.7966225 | AM84: 56083 | AN84: 91.73348 | AO84: 2.59 | AP84: 7.2781 | AQ84: 1.7874861 | AR84: 16.25 | AU84: =((-5*(D82-AU$2))/(AU$1-$AU$2))+6 -> 4.6968283 | AV84: =((5*(E82-AV$2))/(AV$1-AV$2))+1 -> 1.5812416 | AW84: =((5*(F82-AW$2))/(AW$1-AW$2))+1 -> 1.8267263 | AX84: =((5*(G82-AX$2))/(AX$1-AX$2))+1 -> 1.9942551 | AY84: =((-5*(H82-AY$2))/(AY$1-AY$2))+6 -> 1.4127639 | AZ84: =((5*(I82-AZ$2))/(AZ$1-AZ$2))+1 -> 2.9684386 | BA84: =((-5*(J82-BA$2))/(BA$1-BA$2))+6 -> 4.9548991 | BB84: =AVERAGE(AU84:BA84) -> 2.7764504 | BC84: =((-5*(K82-BC$2))/(BC$1-BC$2))+6 -> 5.9637223 | BD84: =((-5*(L82-BD$2))/(BD$1-BD$2))+6 -> 4.8134682 | BE84: =((5*(M82-BE$2))/(BE$1-BE$2))+1 -> 2.2836186 | BF84: =((5*(N82-BF$2))/(BF$1-BF$2))+1 -> 3.0401907 | BG84: =((5*(O82-BG$2))/(BG$1-BG$2))+1 -> 1.7361718 | BH84: =((5*(P82-BH$2))/(BH$1-BH$2))+1 -> 1.2058351 | BI84: =((5*(Q82-BI$2))/(BI$1-BI$2))+1 -> 1.1301474 | BJ84: =AVERAGE(BC84:BI84) -> 2.8818792 | BK84: =((5*(R82-BK$2))/(BK$1-BK$2))+1 -> 6 | BL84: =((5*(S82-BL$2))/(BL$1-BL$2))+1 -> 5.5992065 | BM84: =((5*(T82-BM$2))/(BM$1-BM$2))+1 -> 3.7195819 | BN84: =((-5*(U82-BN$2))/(BN$1-BN$2))+6 -> 3.0552555 | BO84: =((-5*(V82-BO$2))/(BO$1-BO$2))+6 -> 5.0828402 | BP84: =((5*(W82-BP$2))/(BP$1-BP$2))+1 -> 5.2068014 | BQ84: =((-5*(X82-BQ$2))/(BQ$1-BQ$2))+6 -> 5.8969072 | BR84: =((5*(Y82-BR$2))/(BR$1-BR$2))+1 -> 5.9449125 | BS84: =((5*(Z82-BS$2))/(BS$1-BS$2))+1 -> 5.7505158 | BT84: =((-5*(AA82-BT$2))/(BT$1-BT$2))+6 -> 3.6021146 | BU84: =((-5*(AB82-BU$2))/(BU$1-BU$2))+6 -> 5.4995719 | BV84: =((5*(AC82-BV$2))/(BV$1-BV$2))+1 -> 5.6666667 | BX84: =AVERAGE(BK84:BV84) -> 5.0853645
A85: Canadá | B85: =B84+1 -> 2019 | C85: 607.2496 | D85: 24.040801 | E85: 66.171485 | F85: 0.0042965758 | G85: 0.77315679 | H85: 4936.236 | I85: 6.005325 | J85: 53.362325 | L85: 0.35792042 | M85: 22.4 | N85: 6.86 | O85: 75760.607 | P85: 1.9331758 | Q85: 46.799026 | R85: 100 | S85: 99.221655 | T85: 62.295 | U85: 31.7 | V85: 4.5 | W85: 82.223902 | X85: 0.2 | Y85: =Y84+0.01 -> 99.86 | Z85: 98.757327 | AA85: 1.00151 | AB85: 9.223 | AC85: 13.834 | AE85: =AVERAGE(BJ87,BX87,BB87) -> 3.6350468 | AG85: 87.437302 | AH85: 0.2 | AI85: 24.239152 | AJ85: 37016.755 | AK85: 627.3892 | AL85: 8.5211655 | AM85: 56370 | AN85: 92.494607 | AO85: 2.59 | AP85: 7.2321 | AQ85: 1.8362275 | AR85: 16.25 | AU85: =((-5*(D83-AU$2))/(AU$1-$AU$2))+6 -> 4.6906346 | AV85: =((5*(E83-AV$2))/(AV$1-AV$2))+1 -> 1.5777128 | AW85: =((5*(F83-AW$2))/(AW$1-AW$2))+1 -> 1.837407 | AX85: =((5*(G83-AX$2))/(AX$1-AX$2))+1 -> 2.040753 | AY85: =((-5*(H83-AY$2))/(AY$1-AY$2))+6 -> 1.5351245 | AZ85: =((5*(I83-AZ$2))/(AZ$1-AZ$2))+1 -> 3.1532658 | BA85: =((-5*(J83-BA$2))/(BA$1-BA$2))+6 -> 4.9868238 | BB85: =AVERAGE(AU85:BA85) -> 2.8316745 | BC85: =((-5*(K83-BC$2))/(BC$1-BC$2))+6 -> 6 | BD85: =((-5*(L83-BD$2))/(BD$1-BD$2))+6 -> 4.8141432 | BE85: =((5*(M83-BE$2))/(BE$1-BE$2))+1 -> 2.3264059 | BF85: =((5*(N83-BF$2))/(BF$1-BF$2))+1 -> 3.0640327 | BG85: =((5*(O83-BG$2))/(BG$1-BG$2))+1 -> 1.7274148 | BH85: =((5*(P83-BH$2))/(BH$1-BH$2))+1 -> 1.3132442 | BI85: =((5*(Q83-BI$2))/(BI$1-BI$2))+1 -> 1.1335442 | BJ85: =AVERAGE(BC85:BI85) -> 2.911255 | BK85: =((5*(R83-BK$2))/(BK$1-BK$2))+1 -> 6 | BL85: =((5*(S83-BL$2))/(BL$1-BL$2))+1 -> 5.5982413 | BM85: =((5*(T83-BM$2))/(BM$1-BM$2))+1 -> 3.778676 | BN85: =((-5*(U83-BN$2))/(BN$1-BN$2))+6 -> 3.0006911 | BO85: =((-5*(V83-BO$2))/(BO$1-BO$2))+6 -> 5.0828402 | BP85: =((5*(W83-BP$2))/(BP$1-BP$2))+1 -> 5.1791231 | BQ85: =((-5*(X83-BQ$2))/(BQ$1-BQ$2))+6 -> 5.8969072 | BR85: =((5*(Y83-BR$2))/(BR$1-BR$2))+1 -> 5.9481529 | BS85: =((5*(Z83-BS$2))/(BS$1-BS$2))+1 -> 5.7293339 | BT85: =((-5*(AA83-BT$2))/(BT$1-BT$2))+6 -> 3.6806863 | BU85: =((-5*(AB83-BU$2))/(BU$1-BU$2))+6 -> 5.5098977 | BV85: =((5*(AC83-BV$2))/(BV$1-BV$2))+1 -> 5.6882952 | BX85: =AVERAGE(BK85:BV85) -> 5.0910704
A86: Canadá | B86: =B85+1 -> 2020 | C86: 546.6751 | D86: 24.004709 | E86: 61.156771 | F86: -0.060624064 | G86: -0.16604242 | H86: 4875.5387 | I86: 3.8274371 | J86: 74.554047 | L86: 0.33931241 | M86: 23.9 | N86: 6.73 | O86: 74943.52 | P86: 1.2418187 | Q86: 44.441182 | R86: 100 | S86: 99.22181 | T86: 58.107 | U86: 28 | V86: 4.5 | W86: 81.660488 | X86: 0.2 | Y86: =Y85+0.01 -> 99.87 | Z86: 98.673005 | AA86: 1.0025899 | AB86: 9.548 | AC86: 13.869 | AE86: =AVERAGE(BJ88,BX88,BB88) -> 3.5686696 | AG86: 88.138405 | AH86: 0.2 | AI86: 26.56054 | AJ86: 33909.82 | AK86: 629.6995 | AL86: 5.2392165 | AM86: 59160 | AN86: 93.017252 | AO86: 2.59 | AP86: 7.1033 | AQ86: 2.0032355 | AR86: 16.25 | AU86: =((-5*(D84-AU$2))/(AU$1-$AU$2))+6 -> 4.6947978 | AV86: =((5*(E84-AV$2))/(AV$1-AV$2))+1 -> 1.5978521 | AW86: =((5*(F84-AW$2))/(AW$1-AW$2))+1 -> 1.8344479 | AX86: =((5*(G84-AX$2))/(AX$1-AX$2))+1 -> 2.0419946 | AY86: =((-5*(H84-AY$2))/(AY$1-AY$2))+6 -> 1.5417922 | AZ86: =((5*(I84-AZ$2))/(AZ$1-AZ$2))+1 -> 3.113443 | BA86: =((-5*(J84-BA$2))/(BA$1-BA$2))+6 -> 5.0136351 | BB86: =AVERAGE(AU86:BA86) -> 2.8339947 | BC86: =((-5*(K84-BC$2))/(BC$1-BC$2))+6 -> 6 | BD86: =((-5*(L84-BD$2))/(BD$1-BD$2))+6 -> 4.8045568 | BE86: =((5*(M84-BE$2))/(BE$1-BE$2))+1 -> 2.2958435 | BF86: =((5*(N84-BF$2))/(BF$1-BF$2))+1 -> 3.0333787 | BG86: =((5*(O84-BG$2))/(BG$1-BG$2))+1 -> 1.7170531 | BH86: =((5*(P84-BH$2))/(BH$1-BH$2))+1 -> 1.4706114 | BI86: =((5*(Q84-BI$2))/(BI$1-BI$2))+1 -> 1.137705 | BJ86: =AVERAGE(BC86:BI86) -> 2.9227355 | BK86: =((5*(R84-BK$2))/(BK$1-BK$2))+1 -> 6 | BL86: =((5*(S84-BL$2))/(BL$1-BL$2))+1 -> 5.5972533 | BM86: =((5*(T84-BM$2))/(BM$1-BM$2))+1 -> 3.7960968 | BN86: =((-5*(U84-BN$2))/(BN$1-BN$2))+6 -> 3.0734436 | BO86: =((-5*(V84-BO$2))/(BO$1-BO$2))+6 -> 5.112426 | BP86: =((5*(W84-BP$2))/(BP$1-BP$2))+1 -> 5.1824269 | BQ86: =((-5*(X84-BQ$2))/(BQ$1-BQ$2))+6 -> 5.8969072 | BR86: =((5*(Y84-BR$2))/(BR$1-BR$2))+1 -> 5.9513934 | BS86: =((5*(Z84-BS$2))/(BS$1-BS$2))+1 -> 5.7081369 | BT86: =((-5*(AA84-BT$2))/(BT$1-BT$2))+6 -> 3.7422159 | BU86: =((-5*(AB84-BU$2))/(BU$1-BU$2))+6 -> 5.5456606 | BV86: =((5*(AC84-BV$2))/(BV$1-BV$2))+1 -> 5.7099237 | BX86: =AVERAGE(BK86:BV86) -> 5.109657
A87: Canadá | B87: =B86+1 -> 2021 | C87: 561.6259 | D87: 23.934884 | E87: 62.424164 | F87: 0.047053821 | G87: 0.10895673 | H87: 4995.8328 | I87: 7.5844077 | J87: 71.07396 | L87: 0.33108767 | M87: 23.8 | N87: 6.55 | O87: 74529.554 | P87: 4.9490558 | Q87: 46.790768 | R87: 100 | S87: 99.221989 | T87: 60.468 | U87: 29.2 | V87: 4.4 | W87: 81.587073 | X87: 0.2 | Y87: =Y86+0.01 -> 99.88 | Z87: 98.588566 | AB87: 9.228 | AC87: 13.869 | AE87: =AVERAGE(BJ89,BX89,BB89) -> 4.4524105 | AF87: 518 | AG87: 86.519997 | AH87: 0.2 | AI87: 25.570924 | AJ87: 36717.216 | AK87: 677.8715 | AL87: 15.993778 | AM87: 59568.783 | AN87: 92.37983 | AO87: 2.59 | AP87: 7.0251 | AQ87: 2.0652595 | AR87: 16.25 | AU87: =((-5*(D85-AU$2))/(AU$1-$AU$2))+6 -> 4.701473 | AV87: =((5*(E85-AV$2))/(AV$1-AV$2))+1 -> 1.5920958 | AW87: =((5*(F85-AW$2))/(AW$1-AW$2))+1 -> 1.8296821 | AX87: =((5*(G85-AX$2))/(AX$1-AX$2))+1 -> 1.9730796 | AY87: =((-5*(H85-AY$2))/(AY$1-AY$2))+6 -> 1.6556603 | AZ87: =((5*(I85-AZ$2))/(AZ$1-AZ$2))+1 -> 3.1337575 | BA87: =((-5*(J85-BA$2))/(BA$1-BA$2))+6 -> 5.0093244 | BB87: =AVERAGE(AU87:BA87) -> 2.8421532 | BC87: =((-5*(K85-BC$2))/(BC$1-BC$2))+6 -> 6 | BD87: =((-5*(L85-BD$2))/(BD$1-BD$2))+6 -> 4.8437679 | BE87: =((5*(M85-BE$2))/(BE$1-BE$2))+1 -> 2.301956 | BF87: =((5*(N85-BF$2))/(BF$1-BF$2))+1 -> 3.0061308 | BG87: =((5*(O85-BG$2))/(BG$1-BG$2))+1 -> 1.7066372 | BH87: =((5*(P85-BH$2))/(BH$1-BH$2))+1 -> 1.5059351 | BI87: =((5*(Q85-BI$2))/(BI$1-BI$2))+1 -> 1.1406792 | BJ87: =AVERAGE(BC87:BI87) -> 2.9293009 | BK87: =((5*(R85-BK$2))/(BK$1-BK$2))+1 -> 6 | BL87: =((5*(S85-BL$2))/(BL$1-BL$2))+1 -> 5.5962283 | BM87: =((5*(T85-BM$2))/(BM$1-BM$2))+1 -> 3.8348097 | BN87: =((-5*(U85-BN$2))/(BN$1-BN$2))+6 -> 3.146196 | BO87: =((-5*(V85-BO$2))/(BO$1-BO$2))+6 -> 5.112426 | BP87: =((5*(W85-BP$2))/(BP$1-BP$2))+1 -> 5.2968108 | BQ87: =((-5*(X85-BQ$2))/(BQ$1-BQ$2))+6 -> 5.8969072 | BR87: =((5*(Y85-BR$2))/(BR$1-BR$2))+1 -> 5.9546338 | BS87: =((5*(Z85-BS$2))/(BS$1-BS$2))+1 -> 5.6869198 | BT87: =((-5*(AA85-BT$2))/(BT$1-BT$2))+6 -> 3.7947888 | BU87: =((-5*(AB85-BU$2))/(BU$1-BU$2))+6 -> 5.5529643 | BV87: =((5*(AC85-BV$2))/(BV$1-BV$2))+1 -> 5.7315522 | BX87: =AVERAGE(BK87:BV87) -> 5.1336864
A88: Canadá | B88: =B87+1 -> 2022 | C88: 575.3213 | D88: 23.733151 | E88: 67.558896 | F88: 0.019556707 | G88: 0.11593628 | H88: 4986.4966 | J88: 61.417864 | L88: 0.32668249 | N88: 6.44 | R88: 100 | S88: 99.222184 | T88: 61.982 | U88: 30 | V88: 4.3 | W88: 81.29561 | X88: 0.2 | Y88: =Y87+0.01 -> 99.89 | Z88: 98.588358 | AB88: 8.498 | AC88: 13.869 | AE88: =AVERAGE(BJ90,BX90,BB90) -> 4.253076 | AF88: 497 | AG88: 89.17437 | AH88: 0.2 | AI88: 24.997185 | AK88: 639.8688 | AL88: 10.749783 | AM88: 59050.407 | AN88: 92.743239 | AO88: 2.59 | AP88: 6.9607 | AR88: 16.25 | AU88: =((-5*(D86-AU$2))/(AU$1-$AU$2))+6 -> 4.7069725 | AV88: =((5*(E86-AV$2))/(AV$1-AV$2))+1 -> 1.5247145 | AW88: =((5*(F86-AW$2))/(AW$1-AW$2))+1 -> 1.7933362 | AX88: =((5*(G86-AX$2))/(AX$1-AX$2))+1 -> 1.6262841 | AY88: =((-5*(H86-AY$2))/(AY$1-AY$2))+6 -> 1.7090794 | AZ88: =((5*(I86-AZ$2))/(AZ$1-AZ$2))+1 -> 2.8660154 | BA88: =((-5*(J86-BA$2))/(BA$1-BA$2))+6 -> 4.5759405 | BB88: =AVERAGE(AU88:BA88) -> 2.6860489 | BC88: =((-5*(K86-BC$2))/(BC$1-BC$2))+6 -> 6 | BD88: =((-5*(L86-BD$2))/(BD$1-BD$2))+6 -> 4.9120858 | BE88: =((5*(M86-BE$2))/(BE$1-BE$2))+1 -> 2.393643 | BF88: =((5*(N86-BF$2))/(BF$1-BF$2))+1 -> 2.9618529 | BG88: =((5*(O86-BG$2))/(BG$1-BG$2))+1 -> 1.699008 | BH88: =((5*(P86-BH$2))/(BH$1-BH$2))+1 -> 1.3249987 | BI88: =((5*(Q86-BI$2))/(BI$1-BI$2))+1 -> 1.1326774 | BJ88: =AVERAGE(BC88:BI88) -> 2.9177523 | BK88: =((5*(R86-BK$2))/(BK$1-BK$2))+1 -> 6 | BL88: =((5*(S86-BL$2))/(BL$1-BL$2))+1 -> 5.5963085 | BM88: =((5*(T86-BM$2))/(BM$1-BM$2))+1 -> 3.3579578 | BN88: =((-5*(U86-BN$2))/(BN$1-BN$2))+6 -> 3.4826758 | BO88: =((-5*(V86-BO$2))/(BO$1-BO$2))+6 -> 5.112426 | BP88: =((5*(W86-BP$2))/(BP$1-BP$2))+1 -> 5.1272172 | BQ88: =((-5*(X86-BQ$2))/(BQ$1-BQ$2))+6 -> 5.8969072 | BR88: =((5*(Y86-BR$2))/(BR$1-BR$2))+1 -> 5.9578743 | BS88: =((5*(Z86-BS$2))/(BS$1-BS$2))+1 -> 5.6656757 | BT88: =((-5*(AA86-BT$2))/(BT$1-BT$2))+6 -> 3.7635936 | BU88: =((-5*(AB86-BU$2))/(BU$1-BU$2))+6 -> 5.5120385 | BV88: =((5*(AC86-BV$2))/(BV$1-BV$2))+1 -> 5.7538168 | BX88: =AVERAGE(BK88:BV88) -> 5.1022076
A89: Canadá | B89: =B88+1 -> 2023 | C89: 575.012 | D89: 23.423885 | E89: 67.192494 | F89: -0.016768629 | G89: -0.032022634 | J89: 62.228523 | L89: 0.32247933 | R89: 100 | T89: 62.06 | X89: 0.2 | Y89: =Y88+0.01 -> 99.9 | AB89: 8.559 | AE89: =AVERAGE(BJ91,BX91,BB91) -> 1.4226817 | AG89: 89.570381 | AH89: 0.2 | AI89: 24.997185 | AP89: 6.8996 | AR89: 16.25 | AU89: =((-5*(D87-AU$2))/(AU$1-$AU$2))+6 -> 4.7176119 | AV89: =((5*(E87-AV$2))/(AV$1-AV$2))+1 -> 1.5417441 | AW89: =((5*(F87-AW$2))/(AW$1-AW$2))+1 -> 1.8536198 | AX89: =((5*(G87-AX$2))/(AX$1-AX$2))+1 -> 1.7278264 | AY89: =((-5*(H87-AY$2))/(AY$1-AY$2))+6 -> 1.6032096 | AZ89: =((5*(I87-AZ$2))/(AZ$1-AZ$2))+1 -> 3.3278845 | BA89: =((-5*(J87-BA$2))/(BA$1-BA$2))+6 -> 4.6471104 | BB89: =AVERAGE(AU89:BA89) -> 2.7741438 | BC89: =((-5*(K87-BC$2))/(BC$1-BC$2))+6 -> 6 | BD89: =((-5*(L87-BD$2))/(BD$1-BD$2))+6 -> 4.9422823 | BE89: =((5*(M87-BE$2))/(BE$1-BE$2))+1 -> 2.3875306 | BF89: =((5*(N87-BF$2))/(BF$1-BF$2))+1 -> 2.900545 | BG89: =((5*(O87-BG$2))/(BG$1-BG$2))+1 -> 1.6951427 | BH89: =((5*(P87-BH$2))/(BH$1-BH$2))+1 -> 2.2952267 | BI89: =((5*(Q87-BI$2))/(BI$1-BI$2))+1 -> 1.1406512 | BJ89: =AVERAGE(BC89:BI89) -> 3.0516255 | BK89: =((5*(R87-BK$2))/(BK$1-BK$2))+1 -> 6 | BL89: =((5*(S87-BL$2))/(BL$1-BL$2))+1 -> 5.5964014 | BM89: =((5*(T87-BM$2))/(BM$1-BM$2))+1 -> 3.6267848 | BN89: =((-5*(U87-BN$2))/(BN$1-BN$2))+6 -> 3.3735472 | BO89: =((-5*(V87-BO$2))/(BO$1-BO$2))+6 -> 5.1420118 | BP89: =((5*(W87-BP$2))/(BP$1-BP$2))+1 -> 5.1051186 | BQ89: =((-5*(X87-BQ$2))/(BQ$1-BQ$2))+6 -> 5.8969072 | BR89: =((5*(Y87-BR$2))/(BR$1-BR$2))+1 -> 5.9611147 | BS89: =((5*(Z87-BS$2))/(BS$1-BS$2))+1 -> 5.644402 | BT89: =((-5*(AA87-BT$2))/(BT$1-BT$2))+6 -> 32.725108 | BU89: =((-5*(AB87-BU$2))/(BU$1-BU$2))+6 -> 5.5523347 | BV89: =((5*(AC87-BV$2))/(BV$1-BV$2))+1 -> 5.7538168 | BX89: =AVERAGE(BK89:BV89) -> 7.5314623
A90: Canadá | B90: =B89+1 -> 2024 | R90: 100 | X90: 0.2 | Y90: =Y89+0.01 -> 99.91 | AE90: =AVERAGE(BJ92,BX92,BB92) -> 1.501382 | AH90: 0.2 | AR90: 16.25 | AU90: =((-5*(D88-AU$2))/(AU$1-$AU$2))+6 -> 4.7483502 | AV90: =((5*(E88-AV$2))/(AV$1-AV$2))+1 -> 1.610738 | AW90: =((5*(F88-AW$2))/(AW$1-AW$2))+1 -> 1.8382255 | AX90: =((5*(G88-AX$2))/(AX$1-AX$2))+1 -> 1.7304036 | AY90: =((-5*(H88-AY$2))/(AY$1-AY$2))+6 -> 1.6114263 | AZ90: =((5*(I88-AZ$2))/(AZ$1-AZ$2))+1 -> 2.3954833 | BA90: =((-5*(J88-BA$2))/(BA$1-BA$2))+6 -> 4.8445836 | BB90: =AVERAGE(AU90:BA90) -> 2.6827444 | BC90: =((-5*(K88-BC$2))/(BC$1-BC$2))+6 -> 6 | BD90: =((-5*(L88-BD$2))/(BD$1-BD$2))+6 -> 4.9584556 | BE90: =((5*(M88-BE$2))/(BE$1-BE$2))+1 -> 0.93276284 | BF90: =((5*(N88-BF$2))/(BF$1-BF$2))+1 -> 2.863079 | BG90: =((5*(O88-BG$2))/(BG$1-BG$2))+1 -> 0.99925274 | BH90: =((5*(P88-BH$2))/(BH$1-BH$2))+1 -> 1 | BI90: =((5*(Q88-BI$2))/(BI$1-BI$2))+1 -> 0.9818562 | BJ90: =AVERAGE(BC90:BI90) -> 2.5336295 | BK90: =((5*(R88-BK$2))/(BK$1-BK$2))+1 -> 6 | BL90: =((5*(S88-BL$2))/(BL$1-BL$2))+1 -> 5.5965029 | BM90: =((5*(T88-BM$2))/(BM$1-BM$2))+1 -> 3.7991711 | BN90: =((-5*(U88-BN$2))/(BN$1-BN$2))+6 -> 3.3007948 | BO90: =((-5*(V88-BO$2))/(BO$1-BO$2))+6 -> 5.1715976 | BP90: =((5*(W88-BP$2))/(BP$1-BP$2))+1 -> 5.0173852 | BQ90: =((-5*(X88-BQ$2))/(BQ$1-BQ$2))+6 -> 5.8969072 | BR90: =((5*(Y88-BR$2))/(BR$1-BR$2))+1 -> 5.9643552 | BS90: =((5*(Z88-BS$2))/(BS$1-BS$2))+1 -> 5.6443496 | BT90: =((-5*(AA88-BT$2))/(BT$1-BT$2))+6 -> 32.725108 | BU90: =((-5*(AB88-BU$2))/(BU$1-BU$2))+6 -> 5.6442603 | BV90: =((5*(AC88-BV$2))/(BV$1-BV$2))+1 -> 5.7538168 | BX90: =AVERAGE(BK90:BV90) -> 7.5428541
A91: Canadá | B91: =B90+1 -> 2025 | R91: 100 | X91: 0.3 | Y91: =Y90+0.01 -> 99.92 | AE91: =AVERAGE(BJ93,BX93,BB93) -> 1.5000401 | AH91: 0.2 | AR91: 16.25 | AU91: =((-5*(D89-AU$2))/(AU$1-$AU$2))+6 -> 4.7954736 | AV91: =((5*(E89-AV$2))/(AV$1-AV$2))+1 -> 1.6058148 | AW91: =((5*(F89-AW$2))/(AW$1-AW$2))+1 -> 1.8178887 | AX91: =((5*(G89-AX$2))/(AX$1-AX$2))+1 -> 1.6757704 | AY91: =((-5*(H89-AY$2))/(AY$1-AY$2))+6 -> 6 | AZ91: =((5*(I89-AZ$2))/(AZ$1-AZ$2))+1 -> 2.3954833 | BA91: =((-5*(J89-BA$2))/(BA$1-BA$2))+6 -> 4.8280051 | BB91: =AVERAGE(AU91:BA91) -> 3.3026337 | BC91: =((-5*(K89-BC$2))/(BC$1-BC$2))+6 -> 6 | BD91: =((-5*(L89-BD$2))/(BD$1-BD$2))+6 -> 4.9738872 | BE91: =((5*(M89-BE$2))/(BE$1-BE$2))+1 -> 0.93276284 | BF91: =((5*(N89-BF$2))/(BF$1-BF$2))+1 -> 0.66961853 | BG91: =((5*(O89-BG$2))/(BG$1-BG$2))+1 -> 0.99925274 | BH91: =((5*(P89-BH$2))/(BH$1-BH$2))+1 -> 1 | BI91: =((5*(Q89-BI$2))/(BI$1-BI$2))+1 -> 0.9818562 | BJ91: =AVERAGE(BC91:BI91) -> 2.2224825 | BK91: =((5*(R89-BK$2))/(BK$1-BK$2))+1 -> 6 | BL91: =((5*(S89-BL$2))/(BL$1-BL$2))+1 -> -45.87567 | BM91: =((5*(T89-BM$2))/(BM$1-BM$2))+1 -> 3.8080523 | BN91: =((-5*(U89-BN$2))/(BN$1-BN$2))+6 -> 6.02901 | BO91: =((-5*(V89-BO$2))/(BO$1-BO$2))+6 -> 6.443787 | BP91: =((5*(W89-BP$2))/(BP$1-BP$2))+1 -> -19.453424 | BQ91: =((-5*(X89-BQ$2))/(BQ$1-BQ$2))+6 -> 5.8969072 | BR91: =((5*(Y89-BR$2))/(BR$1-BR$2))+1 -> 5.9675956 | BS91: =((5*(Z89-BS$2))/(BS$1-BS$2))+1 -> -19.194094 | BT91: =((-5*(AA89-BT$2))/(BT$1-BT$2))+6 -> 32.725108 | BU91: =((-5*(AB89-BU$2))/(BU$1-BU$2))+6 -> 5.6365789 | BV91: =((5*(AC89-BV$2))/(BV$1-BV$2))+1 -> -3.0687023 | BX91: =AVERAGE(BK91:BV91) -> -1.257071
A92: Suiza | B92: 2008 | C92: 46.0179 | D92: 22.621186 | E92: 116.778 | F92: 0.015099508 | G92: 3.0748601 | H92: 635.85211 | I92: 11.468538 | J92: 23.082654 | K92: 93.575061 | L92: 0.07295299 | M92: 19.6 | N92: 2.19 | O92: 5282.6513 | P92: 0.017087778 | Q92: 285.43753 | R92: 100 | S92: 99.999998 | T92: 65.903 | U92: 33.8 | V92: 4 | W92: 81.992683 | X92: 0.1 | Y92: 99.72 | Z92: 99.881093 | AA92: 0.97218001 | AB92: 14.087 | AC92: 12.806 | AE92: =AVERAGE(BJ94,BX94,BB94) -> 3.7025522 | AI92: 24.000196 | AJ92: 58316.527 | AK92: 564.653 | AM92: 66983 | AO92: 2.73 | AR92: 17.92 | AU92: =((-5*(D90-AU$2))/(AU$1-$AU$2))+6 -> 8.3646123 | AV92: =((5*(E90-AV$2))/(AV$1-AV$2))+1 -> 0.70296827 | AW92: =((5*(F90-AW$2))/(AW$1-AW$2))+1 -> 1.8272767 | AX92: =((5*(G90-AX$2))/(AX$1-AX$2))+1 -> 1.6875946 | AY92: =((-5*(H90-AY$2))/(AY$1-AY$2))+6 -> 6 | AZ92: =((5*(I90-AZ$2))/(AZ$1-AZ$2))+1 -> 2.3954833 | BA92: =((-5*(J90-BA$2))/(BA$1-BA$2))+6 -> 6.1006171 | BB92: =AVERAGE(AU92:BA92) -> 3.8683646 | BC92: =((-5*(K90-BC$2))/(BC$1-BC$2))+6 -> 6 | BD92: =((-5*(L90-BD$2))/(BD$1-BD$2))+6 -> 6.1578467 | BE92: =((5*(M90-BE$2))/(BE$1-BE$2))+1 -> 0.93276284 | BF92: =((5*(N90-BF$2))/(BF$1-BF$2))+1 -> 0.66961853 | BG92: =((5*(O90-BG$2))/(BG$1-BG$2))+1 -> 0.99925274 | BH92: =((5*(P90-BH$2))/(BH$1-BH$2))+1 -> 1 | BI92: =((5*(Q90-BI$2))/(BI$1-BI$2))+1 -> 0.9818562 | BJ92: =AVERAGE(BC92:BI92) -> 2.3916196 | BK92: =((5*(R90-BK$2))/(BK$1-BK$2))+1 -> 6 | BL92: =((5*(S90-BL$2))/(BL$1-BL$2))+1 -> -45.87567 | BM92: =((5*(T90-BM$2))/(BM$1-BM$2))+1 -> -3.2581923 | BN92: =((-5*(U90-BN$2))/(BN$1-BN$2))+6 -> 6.02901 | BO92: =((-5*(V90-BO$2))/(BO$1-BO$2))+6 -> 6.443787 | BP92: =((5*(W90-BP$2))/(BP$1-BP$2))+1 -> -19.453424 | BQ92: =((-5*(X90-BQ$2))/(BQ$1-BQ$2))+6 -> 5.8969072 | BR92: =((5*(Y90-BR$2))/(BR$1-BR$2))+1 -> 5.970836 | BS92: =((5*(Z90-BS$2))/(BS$1-BS$2))+1 -> -19.194094 | BT92: =((-5*(AA90-BT$2))/(BT$1-BT$2))+6 -> 32.725108 | BU92: =((-5*(AB90-BU$2))/(BU$1-BU$2))+6 -> 6.7143757 | BV92: =((5*(AC90-BV$2))/(BV$1-BV$2))+1 -> -3.0687023 | BX92: =AVERAGE(BK92:BV92) -> -1.7558383
A93: Suiza | B93: =B92+1 -> 2009 | C93: 44.6539 | D93: 22.396606 | E93: 109.77598 | F93: -0.035105589 | G93: 0.46612954 | H93: 687.76971 | I93: 15.188522 | J93: 21.701637 | K93: =(K92+K95)/2 -> 93.287883 | L93: 0.072455184 | M93: 20 | N93: 2.25 | O93: 5217.056 | P93: 0.0149515 | Q93: 285.51427 | R93: 100 | S93: 99.999997 | T93: 65.429 | U93: 32.9 | V93: 4 | W93: 82.043902 | X93: 0 | Y93: 99.72 | Z93: 99.88111 | AA93: 0.97522002 | AB93: 13.587 | AC93: 13.339 | AE93: =AVERAGE(BJ95,BX95,BB95) -> 3.687667 | AF93: 509 | AG93: 82.720001 | AI93: 23.979386 | AJ93: 62095.159 | AK93: 564.653 | AM93: 68319 | AN93: 93.158173 | AO93: 2.73 | AQ93: 0.65939138 | AR93: 16.74 | AU93: =((-5*(D91-AU$2))/(AU$1-$AU$2))+6 -> 8.3646123 | AV93: =((5*(E91-AV$2))/(AV$1-AV$2))+1 -> 0.70296827 | AW93: =((5*(F91-AW$2))/(AW$1-AW$2))+1 -> 1.8272767 | AX93: =((5*(G91-AX$2))/(AX$1-AX$2))+1 -> 1.6875946 | AY93: =((-5*(H91-AY$2))/(AY$1-AY$2))+6 -> 6 | AZ93: =((5*(I91-AZ$2))/(AZ$1-AZ$2))+1 -> 2.3954833 | BA93: =((-5*(J91-BA$2))/(BA$1-BA$2))+6 -> 6.1006171 | BB93: =AVERAGE(AU93:BA93) -> 3.8683646 | BC93: =((-5*(K91-BC$2))/(BC$1-BC$2))+6 -> 6 | BD93: =((-5*(L91-BD$2))/(BD$1-BD$2))+6 -> 6.1578467 | BE93: =((5*(M91-BE$2))/(BE$1-BE$2))+1 -> 0.93276284 | BF93: =((5*(N91-BF$2))/(BF$1-BF$2))+1 -> 0.66961853 | BG93: =((5*(O91-BG$2))/(BG$1-BG$2))+1 -> 0.99925274 | BH93: =((5*(P91-BH$2))/(BH$1-BH$2))+1 -> 1 | BI93: =((5*(Q91-BI$2))/(BI$1-BI$2))+1 -> 0.9818562 | BJ93: =AVERAGE(BC93:BI93) -> 2.3916196 | BK93: =((5*(R91-BK$2))/(BK$1-BK$2))+1 -> 6 | BL93: =((5*(S91-BL$2))/(BL$1-BL$2))+1 -> -45.87567 | BM93: =((5*(T91-BM$2))/(BM$1-BM$2))+1 -> -3.2581923 | BN93: =((-5*(U91-BN$2))/(BN$1-BN$2))+6 -> 6.02901 | BO93: =((-5*(V91-BO$2))/(BO$1-BO$2))+6 -> 6.443787 | BP93: =((5*(W91-BP$2))/(BP$1-BP$2))+1 -> -19.453424 | BQ93: =((-5*(X91-BQ$2))/(BQ$1-BQ$2))+6 -> 5.8453608 | BR93: =((5*(Y91-BR$2))/(BR$1-BR$2))+1 -> 5.9740765 | BS93: =((5*(Z91-BS$2))/(BS$1-BS$2))+1 -> -19.194094 | BT93: =((-5*(AA91-BT$2))/(BT$1-BT$2))+6 -> 32.725108 | BU93: =((-5*(AB91-BU$2))/(BU$1-BU$2))+6 -> 6.7143757 | BV93: =((5*(AC91-BV$2))/(BV$1-BV$2))+1 -> -3.0687023 | BX93: =AVERAGE(BK93:BV93) -> -1.7598638
A94: Suiza | B94: =B93+1 -> 2010 | C94: 46.335 | D94: 22.281889 | E94: 120.06512 | F94: 0.021736382 | G94: 0.47086857 | H94: 621.24521 | I94: 19.779774 | J94: 20.993566 | K94: =(K93+K95:L95)/2 -> 93.144294 | L94: 0.072821052 | M94: 20.6 | N94: 2.12 | O94: 5162.9993 | P94: 0.015350274 | Q94: 301.95795 | R94: 100 | S94: 99.999998 | T94: 63.778 | U94: 32.6 | V94: 3.9 | W94: 82.246341 | X94: 0 | Y94: 99.72 | Z94: 99.881129 | AA94: 0.98153001 | AB94: 14.311 | AC94: 13.324 | AE94: =AVERAGE(BJ96,BX96,BB96) -> 3.7197809 | AG94: 81.739998 | AI94: 24.351497 | AJ94: 67533.989 | AK94: 564.653 | AM94: 67961 | AO94: 2.73 | AQ94: 0.6647546 | AR94: 16.74 | AU94: =((-5*(D92-AU$2))/(AU$1-$AU$2))+6 -> 4.9177824 | AV94: =((5*(E92-AV$2))/(AV$1-AV$2))+1 -> 2.2720812 | AW94: =((5*(F92-AW$2))/(AW$1-AW$2))+1 -> 1.8357301 | AX94: =((5*(G92-AX$2))/(AX$1-AX$2))+1 -> 2.8229741 | AY94: =((-5*(H92-AY$2))/(AY$1-AY$2))+6 -> 5.4403919 | AZ94: =((5*(I92-AZ$2))/(AZ$1-AZ$2))+1 -> 3.8053861 | BA94: =((-5*(J92-BA$2))/(BA$1-BA$2))+6 -> 5.6285624 | BB94: =AVERAGE(AU94:BA94) -> 3.8175583 | BC94: =((-5*(K92-BC$2))/(BC$1-BC$2))+6 -> 1.3212469 | BD94: =((-5*(L92-BD$2))/(BD$1-BD$2))+6 -> 5.890005 | BE94: =((5*(M92-BE$2))/(BE$1-BE$2))+1 -> 2.1308068 | BF94: =((5*(N92-BF$2))/(BF$1-BF$2))+1 -> 1.4155313 | BG94: =((5*(O92-BG$2))/(BG$1-BG$2))+1 -> 1.0485774 | BH94: =((5*(P92-BH$2))/(BH$1-BH$2))+1 -> 1.0044721 | BI94: =((5*(Q92-BI$2))/(BI$1-BI$2))+1 -> 1.9505528 | BJ94: =AVERAGE(BC94:BI94) -> 2.1087418 | BK94: =((5*(R92-BK$2))/(BK$1-BK$2))+1 -> 6 | BL94: =((5*(S92-BL$2))/(BL$1-BL$2))+1 -> 5.9999989 | BM94: =((5*(T92-BM$2))/(BM$1-BM$2))+1 -> 4.245622 | BN94: =((-5*(U92-BN$2))/(BN$1-BN$2))+6 -> 2.9552209 | BO94: =((-5*(V92-BO$2))/(BO$1-BO$2))+6 -> 5.260355 | BP94: =((5*(W92-BP$2))/(BP$1-BP$2))+1 -> 5.2272113 | BQ94: =((-5*(X92-BQ$2))/(BQ$1-BQ$2))+6 -> 5.9484536 | BR94: =((5*(Y92-BR$2))/(BR$1-BR$2))+1 -> 5.9092677 | BS94: =((5*(Z92-BS$2))/(BS$1-BS$2))+1 -> 5.9700424 | BT94: =((-5*(AA92-BT$2))/(BT$1-BT$2))+6 -> 4.6420361 | BU94: =((-5*(AB92-BU$2))/(BU$1-BU$2))+6 -> 4.9404624 | BV94: =((5*(AC92-BV$2))/(BV$1-BV$2))+1 -> 5.0776081 | BX94: =AVERAGE(BK94:BV94) -> 5.1813565
A95: Suiza | B95: =B94+1 -> 2011 | C95: 42.2986 | D95: 22.201594 | E95: 125.55627 | F95: 0.0068733987 | G95: 0.30345254 | H95: 603.47372 | I95: 16.871124 | J95: 21.142007 | K95: 93.000705 | L95: 0.065293519 | M95: 20.6 | N95: 2.01 | O95: 5105.911 | P95: 0.012973179 | Q95: 315.11167 | R95: 100 | S95: 99.999999 | T95: 64.481 | U95: 31.7 | V95: 3.9 | W95: 82.695122 | X95: 0 | Y95: 99.72 | Z95: 99.884004 | AA95: 0.98379999 | AB95: 14.129 | AC95: 13.325 | AE95: =AVERAGE(BJ97,BX97,BB97) -> 3.7131566 | AG95: 81.629997 | AH95: 4.8939772 | AI95: 24.586764 | AJ95: 64463.429 | AK95: 564.653 | AM95: 68401 | AO95: 2.73 | AP95: 7.498953 | AQ95: 0.58147016 | AR95: 16.74 | AU95: =((-5*(D93-AU$2))/(AU$1-$AU$2))+6 -> 4.9520019 | AV95: =((5*(E93-AV$2))/(AV$1-AV$2))+1 -> 2.1779971 | AW95: =((5*(F93-AW$2))/(AW$1-AW$2))+1 -> 1.8076227 | AX95: =((5*(G93-AX$2))/(AX$1-AX$2))+1 -> 1.859711 | AY95: =((-5*(H93-AY$2))/(AY$1-AY$2))+6 -> 5.3946997 | AZ95: =((5*(I93-AZ$2))/(AZ$1-AZ$2))+1 -> 4.2627084 | BA95: =((-5*(J93-BA$2))/(BA$1-BA$2))+6 -> 5.6568051 | BB95: =AVERAGE(AU95:BA95) -> 3.7302208 | BC95: =((-5*(K93-BC$2))/(BC$1-BC$2))+6 -> 1.3356059 | BD95: =((-5*(L93-BD$2))/(BD$1-BD$2))+6 -> 5.8918327 | BE95: =((5*(M93-BE$2))/(BE$1-BE$2))+1 -> 2.1552567 | BF95: =((5*(N93-BF$2))/(BF$1-BF$2))+1 -> 1.4359673 | BG95: =((5*(O93-BG$2))/(BG$1-BG$2))+1 -> 1.0479649 | BH95: =((5*(P93-BH$2))/(BH$1-BH$2))+1 -> 1.003913 | BI95: =((5*(Q93-BI$2))/(BI$1-BI$2))+1 -> 1.9508132 | BJ95: =AVERAGE(BC95:BI95) -> 2.1173362 | BK95: =((5*(R93-BK$2))/(BK$1-BK$2))+1 -> 6 | BL95: =((5*(S93-BL$2))/(BL$1-BL$2))+1 -> 5.9999986 | BM95: =((5*(T93-BM$2))/(BM$1-BM$2))+1 -> 4.1916517 | BN95: =((-5*(U93-BN$2))/(BN$1-BN$2))+6 -> 3.0370674 | BO95: =((-5*(V93-BO$2))/(BO$1-BO$2))+6 -> 5.260355 | BP95: =((5*(W93-BP$2))/(BP$1-BP$2))+1 -> 5.2426289 | BQ95: =((-5*(X93-BQ$2))/(BQ$1-BQ$2))+6 -> 6 | BR95: =((5*(Y93-BR$2))/(BR$1-BR$2))+1 -> 5.9092677 | BS95: =((5*(Z93-BS$2))/(BS$1-BS$2))+1 -> 5.9700467 | BT95: =((-5*(AA93-BT$2))/(BT$1-BT$2))+6 -> 4.5542201 | BU95: =((-5*(AB93-BU$2))/(BU$1-BU$2))+6 -> 5.0034252 | BV95: =((5*(AC93-BV$2))/(BV$1-BV$2))+1 -> 5.4166667 | BX95: =AVERAGE(BK95:BV95) -> 5.215444
A96: Suiza | B96: =B95+1 -> 2012 | C96: 43.609 | D96: 22.107045 | E96: 126.45386 | F96: 0.001105966 | G96: 0.08767217 | H96: 609.07164 | I96: 18.298589 | J96: 21.344496 | K96: 94.785235 | L96: 0.066531718 | M96: 21.9 | N96: 2.01 | O96: 5051.9823 | P96: 0.01160541 | Q96: 327.7309 | R96: 100 | S96: 100 | T96: 64.491 | U96: 31.6 | V96: 3.8 | W96: 82.697561 | X96: 0 | Y96: 99.72 | Z96: 99.886872 | AA96: 0.98316997 | AB96: 13.644 | AC96: 13.414 | AE96: =AVERAGE(BJ98,BX98,BB98) -> 3.724632 | AF96: 512 | AG96: 82.480003 | AH96: 0.95158434 | AI96: 24.855304 | AJ96: 66059.41 | AK96: 564.653 | AM96: 69383 | AN96: 94.394185 | AO96: 2.73 | AQ96: 0.56279983 | AR96: 16.54 | AU96: =((-5*(D94-AU$2))/(AU$1-$AU$2))+6 -> 4.9694816 | AV96: =((5*(E94-AV$2))/(AV$1-AV$2))+1 -> 2.3162493 | AW96: =((5*(F94-AW$2))/(AW$1-AW$2))+1 -> 1.8394458 | AX96: =((5*(G94-AX$2))/(AX$1-AX$2))+1 -> 1.8614609 | AY96: =((-5*(H94-AY$2))/(AY$1-AY$2))+6 -> 5.4532473 | AZ96: =((5*(I94-AZ$2))/(AZ$1-AZ$2))+1 -> 4.8271412 | BA96: =((-5*(J94-BA$2))/(BA$1-BA$2))+6 -> 5.6712856 | BB96: =AVERAGE(AU96:BA96) -> 3.8483302 | BC96: =((-5*(K94-BC$2))/(BC$1-BC$2))+6 -> 1.3427853 | BD96: =((-5*(L94-BD$2))/(BD$1-BD$2))+6 -> 5.8904895 | BE96: =((5*(M94-BE$2))/(BE$1-BE$2))+1 -> 2.1919315 | BF96: =((5*(N94-BF$2))/(BF$1-BF$2))+1 -> 1.3916894 | BG96: =((5*(O94-BG$2))/(BG$1-BG$2))+1 -> 1.0474602 | BH96: =((5*(P94-BH$2))/(BH$1-BH$2))+1 -> 1.0040173 | BI96: =((5*(Q94-BI$2))/(BI$1-BI$2))+1 -> 2.0066185 | BJ96: =AVERAGE(BC96:BI96) -> 2.1249988 | BK96: =((5*(R94-BK$2))/(BK$1-BK$2))+1 -> 6 | BL96: =((5*(S94-BL$2))/(BL$1-BL$2))+1 -> 5.9999988 | BM96: =((5*(T94-BM$2))/(BM$1-BM$2))+1 -> 4.0036663 | BN96: =((-5*(U94-BN$2))/(BN$1-BN$2))+6 -> 3.0643495 | BO96: =((-5*(V94-BO$2))/(BO$1-BO$2))+6 -> 5.2899408 | BP96: =((5*(W94-BP$2))/(BP$1-BP$2))+1 -> 5.3035651 | BQ96: =((-5*(X94-BQ$2))/(BQ$1-BQ$2))+6 -> 6 | BR96: =((5*(Y94-BR$2))/(BR$1-BR$2))+1 -> 5.9092677 | BS96: =((5*(Z94-BS$2))/(BS$1-BS$2))+1 -> 5.9700514 | BT96: =((-5*(AA94-BT$2))/(BT$1-BT$2))+6 -> 4.3719454 | BU96: =((-5*(AB94-BU$2))/(BU$1-BU$2))+6 -> 4.9122551 | BV96: =((5*(AC94-BV$2))/(BV$1-BV$2))+1 -> 5.4071247 | BX96: =AVERAGE(BK96:BV96) -> 5.1860137
A97: Suiza | B97: =B96+1 -> 2013 | C97: 44.6168 | D97: 22.066621 | E97: 133.69371 | F97: 0.0062836068 | G97: 0.0084437183 | H97: 699.14579 | I97: 17.168519 | J97: 20.218157 | K97: 91.820914 | L97: 0.066870838 | M97: 21.8 | N97: 2.05 | O97: 4994.2233 | P97: 0.012292571 | Q97: 387.91199 | R97: 100 | S97: 99.999999 | T97: 64.331 | U97: 32.5 | V97: 3.8 | W97: 82.797561 | X97: 0 | Y97: 99.72 | Z97: 99.889733 | AA97: 0.98531997 | AB97: 13.032 | AC97: 13.527 | AE97: =AVERAGE(BJ99,BX99,BB99) -> 3.7365627 | AG97: 85.179443 | AH97: 0.13679287 | AI97: 24.873925 | AJ97: 65584.661 | AK97: 564.653 | AL97: 1.57 | AM97: 70280 | AO97: 2.73 | AQ97: 0.7047158 | AR97: 16.54 | AU97: =((-5*(D95-AU$2))/(AU$1-$AU$2))+6 -> 4.9817162 | AV97: =((5*(E95-AV$2))/(AV$1-AV$2))+1 -> 2.3900323 | AW97: =((5*(F95-AW$2))/(AW$1-AW$2))+1 -> 1.8311247 | AX97: =((5*(G95-AX$2))/(AX$1-AX$2))+1 -> 1.7996432 | AY97: =((-5*(H95-AY$2))/(AY$1-AY$2))+6 -> 5.4688879 | AZ97: =((5*(I95-AZ$2))/(AZ$1-AZ$2))+1 -> 4.4695617 | BA97: =((-5*(J95-BA$2))/(BA$1-BA$2))+6 -> 5.6682499 | BB97: =AVERAGE(AU97:BA97) -> 3.8013166 | BC97: =((-5*(K95-BC$2))/(BC$1-BC$2))+6 -> 1.3499648 | BD97: =((-5*(L95-BD$2))/(BD$1-BD$2))+6 -> 5.9181262 | BE97: =((5*(M95-BE$2))/(BE$1-BE$2))+1 -> 2.1919315 | BF97: =((5*(N95-BF$2))/(BF$1-BF$2))+1 -> 1.3542234 | BG97: =((5*(O95-BG$2))/(BG$1-BG$2))+1 -> 1.0469272 | BH97: =((5*(P95-BH$2))/(BH$1-BH$2))+1 -> 1.0033952 | BI97: =((5*(Q95-BI$2))/(BI$1-BI$2))+1 -> 2.0512587 | BJ97: =AVERAGE(BC97:BI97) -> 2.1308324 | BK97: =((5*(R95-BK$2))/(BK$1-BK$2))+1 -> 6 | BL97: =((5*(S95-BL$2))/(BL$1-BL$2))+1 -> 5.9999996 | BM97: =((5*(T95-BM$2))/(BM$1-BM$2))+1 -> 4.083711 | BN97: =((-5*(U95-BN$2))/(BN$1-BN$2))+6 -> 3.146196 | BO97: =((-5*(V95-BO$2))/(BO$1-BO$2))+6 -> 5.2899408 | BP97: =((5*(W95-BP$2))/(BP$1-BP$2))+1 -> 5.4386526 | BQ97: =((-5*(X95-BQ$2))/(BQ$1-BQ$2))+6 -> 6 | BR97: =((5*(Y95-BR$2))/(BR$1-BR$2))+1 -> 5.9092677 | BS97: =((5*(Z95-BS$2))/(BS$1-BS$2))+1 -> 5.9707758 | BT97: =((-5*(AA95-BT$2))/(BT$1-BT$2))+6 -> 4.3063731 | BU97: =((-5*(AB95-BU$2))/(BU$1-BU$2))+6 -> 4.9351735 | BV97: =((5*(AC95-BV$2))/(BV$1-BV$2))+1 -> 5.4077608 | BX97: =AVERAGE(BK97:BV97) -> 5.2073209
